{"credit":"dcutscenes_camera","texture_size":[32,32],"textures":{"0":"dcutscenes:icons/camera","particle":"dcutscenes:icons/camera"},"elements":[{"from":[5,1,6.75],"to":[15,9,9.25],"rotation":{"angle":0,"axis":"y","origin":[12.25,7.25,8]},"faces":{"north":{"uv":[0,0,5,4],"texture":"#0"},"east":{"uv":[7.5,3,9,7],"texture":"#0"},"south":{"uv":[0,4,5,8],"texture":"#0"},"west":{"uv":[7.5,7,9,11],"texture":"#0"},"up":{"uv":[10,1.5,5,0],"texture":"#0"},"down":{"uv":[10,1.5,5,3],"texture":"#0"}}},{"from":[12,2,6.25],"to":[14,4,6.75],"rotation":{"angle":0,"axis":"y","origin":[12.25,7.25,8]},"faces":{"north":{"uv":[12,9,13,10],"texture":"#0"},"east":{"uv":[9,12.5,9.5,13.5],"texture":"#0"},"south":{"uv":[11.5,12,12.5,13],"texture":"#0"},"west":{"uv":[9.5,12.5,10,13.5],"texture":"#0"},"up":{"uv":[13.5,7.5,12.5,7],"texture":"#0"},"down":{"uv":[11,12.5,10,13],"texture":"#0"}}},{"from":[10,2,6.25],"to":[11,3,6.75],"rotation":{"angle":0,"axis":"y","origin":[12.25,7.25,8]},"faces":{"north":{"uv":[13,4.5,13.5,5],"texture":"#0"},"east":{"uv":[13,5,13.5,5.5],"texture":"#0"},"south":{"uv":[13,6,13.5,6.5],"texture":"#0"},"west":{"uv":[6.5,13,7,13.5],"texture":"#0"},"up":{"uv":[13.5,7,13,6.5],"texture":"#0"},"down":{"uv":[7.5,13,7,13.5],"texture":"#0"}}},{"from":[6,2,9.25],"to":[8,4,9.75],"rotation":{"angle":0,"axis":"y","origin":[12.25,7.25,8]},"faces":{"north":{"uv":[0,12.5,1,13.5],"texture":"#0"},"east":{"uv":[11,12.5,11.5,13.5],"texture":"#0"},"south":{"uv":[12.5,1.5,13.5,2.5],"texture":"#0"},"west":{"uv":[12.5,11,13,12],"texture":"#0"},"up":{"uv":[13.5,12.5,12.5,12],"texture":"#0"},"down":{"uv":[13.5,12.5,12.5,13],"texture":"#0"}}},{"from":[9,2,9.25],"to":[11,3,9.75],"rotation":{"angle":0,"axis":"y","origin":[12.25,7.25,8]},"faces":{"north":{"uv":[13,0,14,0.5],"texture":"#0"},"east":{"uv":[7.5,13,8,13.5],"texture":"#0"},"south":{"uv":[13,0.5,14,1],"texture":"#0"},"west":{"uv":[8,13,8.5,13.5],"texture":"#0"},"up":{"uv":[14,3.5,13,3],"texture":"#0"},"down":{"uv":[14,3.5,13,4],"texture":"#0"}}},{"from":[6,5,6.25],"to":[9,8,9.75],"rotation":{"angle":0,"axis":"y","origin":[12.25,7.25,8]},"faces":{"north":{"uv":[0,10,1.5,11.5],"texture":"#0"},"east":{"uv":[4,8,6,9.5],"texture":"#0"},"south":{"uv":[10,0,11.5,1.5],"texture":"#0"},"west":{"uv":[9,3,11,4.5],"texture":"#0"},"up":{"uv":[7.5,10,6,8],"texture":"#0"},"down":{"uv":[10.5,4.5,9,6.5],"texture":"#0"}}},{"from":[9,9.5,7.5],"to":[14,14.5,8.5],"rotation":{"angle":0,"axis":"y","origin":[12.25,7.25,8]},"faces":{"north":{"uv":[5,3,7.5,5.5],"texture":"#0"},"east":{"uv":[1.5,11.5,2,14],"texture":"#0"},"south":{"uv":[5,5.5,7.5,8],"texture":"#0"},"west":{"uv":[2,11.5,2.5,14],"texture":"#0"},"up":{"uv":[13.5,11,11,10.5],"texture":"#0"},"down":{"uv":[14,1,11.5,1.5],"texture":"#0"}}},{"from":[10,10.5,7.25],"to":[13,13.5,8.75],"rotation":{"angle":0,"axis":"y","origin":[12.25,7.25,8]},"faces":{"north":{"uv":[4.5,11,6,12.5],"texture":"#0"},"east":{"uv":[11,9,12,10.5],"texture":"#0"},"south":{"uv":[11,6,12.5,7.5],"texture":"#0"},"west":{"uv":[10.5,11,11.5,12.5],"texture":"#0"},"up":{"uv":[1.5,12.5,0,11.5],"texture":"#0"},"down":{"uv":[13,0,11.5,1],"texture":"#0"}}},{"from":[6.5,9,7.75],"to":[12.5,9.5,8.25],"rotation":{"angle":0,"axis":"y","origin":[12.25,7.25,8]},"faces":{"north":{"uv":[7.5,11,10.5,11.5],"texture":"#0"},"east":{"uv":[10.5,6,11,6.5],"texture":"#0"},"south":{"uv":[11,7.5,14,8],"texture":"#0"},"west":{"uv":[13,4,13.5,4.5],"texture":"#0"},"up":{"uv":[14,8.5,11,8],"texture":"#0"},"down":{"uv":[14,8.5,11,9],"texture":"#0"}}},{"from":[5,9.5,7.5],"to":[9,13.5,8.5],"rotation":{"angle":0,"axis":"y","origin":[12.25,7.25,8]},"faces":{"north":{"uv":[0,8,2,10],"texture":"#0"},"east":{"uv":[2.5,11.5,3,13.5],"texture":"#0"},"south":{"uv":[2,8,4,10],"texture":"#0"},"west":{"uv":[6,11.5,6.5,13.5],"texture":"#0"},"up":{"uv":[13.5,3,11.5,2.5],"texture":"#0"},"down":{"uv":[8.5,11.5,6.5,12],"texture":"#0"}}},{"from":[6,10.5,7.25],"to":[8,12.5,8.75],"rotation":{"angle":0,"axis":"y","origin":[12.25,7.25,8]},"faces":{"north":{"uv":[8.5,11.5,9.5,12.5],"texture":"#0"},"east":{"uv":[9.5,11.5,10.5,12.5],"texture":"#0"},"south":{"uv":[11.5,11,12.5,12],"texture":"#0"},"west":{"uv":[12,4.5,13,5.5],"texture":"#0"},"up":{"uv":[7.5,13,6.5,12],"texture":"#0"},"down":{"uv":[8.5,12,7.5,13],"texture":"#0"}}},{"from":[15,5.75,7],"to":[15.25,7.75,9],"rotation":{"angle":0,"axis":"y","origin":[12.25,7.25,8]},"faces":{"north":{"uv":[5,12.5,5.5,13.5],"texture":"#0"},"east":{"uv":[3,10,4,11],"texture":"#0"},"south":{"uv":[5.5,12.5,6,13.5],"texture":"#0"},"west":{"uv":[11.5,1.5,12.5,2.5],"texture":"#0"},"up":{"uv":[13,7,12.5,6],"texture":"#0"},"down":{"uv":[9,12.5,8.5,13.5],"texture":"#0"}}},{"from":[15.25,5.5,6.75],"to":[15.75,8,9.25],"rotation":{"angle":0,"axis":"y","origin":[12.25,7.25,8]},"faces":{"north":{"uv":[1,12.5,1.5,14],"texture":"#0"},"east":{"uv":[1.5,10,3,11.5],"texture":"#0"},"south":{"uv":[3,12.5,3.5,14],"texture":"#0"},"west":{"uv":[10,1.5,11.5,3],"texture":"#0"},"up":{"uv":[13,4.5,12.5,3],"texture":"#0"},"down":{"uv":[4,12.5,3.5,14],"texture":"#0"}}},{"from":[15.75,5.25,6.5],"to":[19.25,8.25,9.5],"rotation":{"angle":0,"axis":"y","origin":[12.25,7.25,8]},"faces":{"north":{"uv":[9,6.5,11,8],"texture":"#0"},"east":{"uv":[6,10,7.5,11.5],"texture":"#0"},"south":{"uv":[9,8,11,9.5],"texture":"#0"},"west":{"uv":[10.5,4.5,12,6],"texture":"#0"},"up":{"uv":[6,11,4,9.5],"texture":"#0"},"down":{"uv":[11,9.5,9,11],"texture":"#0"}}}],"display":{"thirdperson_righthand":{"rotation":[12.58,89.15,-28.38],"translation":[0,5,2],"scale":[0.75,0.75,0.75]},"thirdperson_lefthand":{"rotation":[105.08,-89.36,134.29],"translation":[0,5,2],"scale":[0.75,0.75,0.75]},"firstperson_righthand":{"rotation":[12.58,89.15,-28.38],"translation":[0,5,2],"scale":[0.75,0.75,0.75]},"firstperson_lefthand":{"rotation":[178.98,-82.7,163.2],"translation":[0,5,3.75],"scale":[0.75,0.75,0.75]},"ground":{"translation":[0,1.5,0],"scale":[0.75,0.75,0.75]},"gui":{"rotation":[26,-142,0],"translation":[2.75,1.25,0]},"head":{"rotation":[0,90,0],"translation":[-0.5,8,16.75],"scale":[2.82,2.82,2.82]},"fixed":{"translation":[-3,0,0]}},"groups":[{"name":"group","origin":[0,0,0],"color":0,"nbt":"{}","armAnimationEnabled":false,"children":[0,1,2,3,4,5,6,7,8,9,10,11,12,13]}]}