{"textures":{"0":"modelengine:entity/air_balloon"},"elements":[{"from":[10.666667,-1.0000019,1.0],"to":[2.6666665,-4.000002,-7.0],"faces":{"east":{"uv":[4.0,7.0625,5.5,6.5],"tintindex":0,"rotation":0,"texture":"#0"},"south":{"uv":[4.0,7.0625,5.5,6.5],"tintindex":0,"rotation":0,"texture":"#0"},"north":{"uv":[4.0,7.0625,5.5,6.5],"tintindex":0,"rotation":0,"texture":"#0"},"west":{"uv":[4.0,7.0625,5.5,6.5],"tintindex":0,"rotation":0,"texture":"#0"},"up":{"uv":[5.5,4.0,7.0,5.5],"tintindex":0,"rotation":0,"texture":"#0"},"down":{"uv":[4.0,6.5,5.5,5.0],"tintindex":0,"rotation":0,"texture":"#0"}}},{"from":[13.333334,12.333334,3.6666665],"to":[0.0,-1.0000019,-9.666668],"faces":{"east":{"uv":[0.0,2.5,2.5,0.0],"tintindex":0,"rotation":0,"texture":"#0"},"south":{"uv":[0.0,2.5,2.5,0.0],"tintindex":0,"rotation":0,"texture":"#0"},"north":{"uv":[0.0,2.5,2.5,0.0],"tintindex":0,"rotation":0,"texture":"#0"},"west":{"uv":[0.0,2.5,2.5,0.0],"tintindex":0,"rotation":0,"texture":"#0"},"up":{"uv":[5.0,0.0,7.5,2.5],"tintindex":0,"rotation":0,"texture":"#0"},"down":{"uv":[2.5,2.5,5.0,0.0],"tintindex":0,"rotation":0,"texture":"#0"}}},{"from":[0.0,-1.0000019,-9.666668],"to":[13.333334,12.333334,3.6666665],"faces":{"east":{"uv":[0.0,0.0,2.5,2.5],"tintindex":0,"rotation":0,"texture":"#0"},"south":{"uv":[0.0,0.0,2.5,2.5],"tintindex":0,"rotation":0,"texture":"#0"},"north":{"uv":[0.0,0.0,2.5,2.5],"tintindex":0,"rotation":0,"texture":"#0"},"west":{"uv":[0.0,0.0,2.5,2.5],"tintindex":0,"rotation":0,"texture":"#0"},"up":{"uv":[5.0,2.5,2.5,0.0],"tintindex":0,"rotation":0,"texture":"#0"},"down":{"uv":[7.5,0.0,5.0,2.5],"tintindex":0,"rotation":0,"texture":"#0"}}},{"from":[2.6666665,-4.000002,-7.0],"to":[10.666667,-1.0000019,1.0],"faces":{"east":{"uv":[4.0,6.5,5.5,7.0625],"tintindex":0,"rotation":0,"texture":"#0"},"south":{"uv":[4.0,6.5,5.5,7.0625],"tintindex":0,"rotation":0,"texture":"#0"},"north":{"uv":[4.0,6.5,5.5,7.0625],"tintindex":0,"rotation":0,"texture":"#0"},"west":{"uv":[4.0,6.5,5.5,7.0625],"tintindex":0,"rotation":0,"texture":"#0"},"up":{"uv":[5.5,6.5,4.0,5.0],"tintindex":0,"rotation":0,"texture":"#0"},"down":{"uv":[7.0,4.0,5.5,5.5],"tintindex":0,"rotation":0,"texture":"#0"}}}]}