{"textures":{"0":"modelengine:entity/air_balloon"},"elements":[{"from":[5.5,-13.299999,-5.5],"to":[6.1666665,-9.333334,-4.833334],"faces":{"east":{"uv":[1.125,5.8125,1.0,6.5625],"tintindex":0,"rotation":0,"texture":"#0"},"south":{"uv":[1.0,5.8125,1.125,6.5625],"tintindex":0,"rotation":0,"texture":"#0"},"north":{"uv":[1.0,5.8125,1.125,6.5625],"tintindex":0,"rotation":0,"texture":"#0"},"west":{"uv":[1.125,5.8125,1.0,6.5625],"tintindex":0,"rotation":0,"texture":"#0"},"up":{"uv":[1.5,5.6875,1.0,5.8125],"tintindex":0,"rotation":0,"texture":"#0"},"down":{"uv":[1.125,6.4375,1.0,6.5625],"tintindex":0,"rotation":0,"texture":"#0"}}},{"from":[3.1666665,-12.633333,2.1666665],"to":[3.833333,-9.333334,2.833333],"faces":{"east":{"uv":[1.0,5.8125,1.125,6.4375],"tintindex":0,"rotation":0,"texture":"#0"},"south":{"uv":[1.0,5.8125,1.125,6.4375],"tintindex":0,"rotation":0,"texture":"#0"},"north":{"uv":[1.0,5.8125,1.125,6.4375],"tintindex":0,"rotation":0,"texture":"#0"},"west":{"uv":[1.125,5.8125,1.0,6.4375],"tintindex":0,"rotation":0,"texture":"#0"},"up":{"uv":[1.5,5.6875,1.0,5.8125],"tintindex":0,"rotation":0,"texture":"#0"},"down":{"uv":[1.125,6.4375,1.0,6.5625],"tintindex":0,"rotation":0,"texture":"#0"}}},{"from":[6.0,-4.0,-2.666667],"to":[8.666667,-2.333334,0.0],"faces":{"east":{"uv":[7.0,5.375,7.5,5.6875],"tintindex":0,"rotation":0,"texture":"#0"},"south":{"uv":[7.0,5.6875,7.5,6.0],"tintindex":0,"rotation":0,"texture":"#0"},"north":{"uv":[7.0,5.0625,7.5,5.375],"tintindex":0,"rotation":0,"texture":"#0"},"west":{"uv":[7.0,6.0,7.5,6.3125],"tintindex":0,"rotation":0,"texture":"#0"},"up":{"uv":[5.5,4.5,5.0,4.0],"tintindex":0,"rotation":0,"texture":"#0"},"down":{"uv":[5.5,4.5,5.0,5.0],"tintindex":0,"rotation":0,"texture":"#0"}}},{"from":[3.333333,-13.266666,-5.333334],"to":[11.333334,-9.266666,2.6666665],"faces":{"east":{"uv":[2.5,6.625,4.0,7.375],"tintindex":0,"rotation":0,"texture":"#0"},"south":{"uv":[2.5,6.625,4.0,7.375],"tintindex":0,"rotation":0,"texture":"#0"},"north":{"uv":[1.0,5.8125,2.5,6.5625],"tintindex":0,"rotation":0,"texture":"#0"},"west":{"uv":[2.5,6.625,4.0,7.375],"tintindex":0,"rotation":0,"texture":"#0"},"down":{"uv":[4.0,5.0,2.5,6.5],"tintindex":0,"rotation":0,"texture":"#0"}}},{"from":[10.833334,-13.299999,-5.5],"to":[11.5,-9.333334,-4.833334],"faces":{"east":{"uv":[1.125,5.8125,1.0,6.5625],"tintindex":0,"rotation":0,"texture":"#0"},"south":{"uv":[1.0,5.8125,1.125,6.5625],"tintindex":0,"rotation":0,"texture":"#0"},"north":{"uv":[1.0,5.8125,1.125,6.5625],"tintindex":0,"rotation":0,"texture":"#0"},"west":{"uv":[1.125,5.8125,1.0,6.5625],"tintindex":0,"rotation":0,"texture":"#0"},"up":{"uv":[1.5,5.6875,1.0,5.8125],"tintindex":0,"rotation":0,"texture":"#0"},"down":{"uv":[1.125,6.4375,1.0,6.5625],"tintindex":0,"rotation":0,"texture":"#0"}}},{"from":[9.166667,-13.299999,-5.5],"to":[10.833334,-12.633333,-4.833334],"faces":{"east":{"uv":[1.125,5.6875,1.0,5.8125],"tintindex":0,"rotation":0,"texture":"#0"},"south":{"uv":[1.5,5.6875,1.0,5.8125],"tintindex":0,"rotation":0,"texture":"#0"},"north":{"uv":[1.375,6.4375,1.125,6.5625],"tintindex":0,"rotation":0,"texture":"#0"},"west":{"uv":[1.125,5.6875,1.0,5.8125],"tintindex":0,"rotation":0,"texture":"#0"},"up":{"uv":[1.5,5.6875,1.0,5.8125],"tintindex":0,"rotation":0,"texture":"#0"},"down":{"uv":[1.5,5.6875,1.0,5.8125],"tintindex":0,"rotation":0,"texture":"#0"}}},{"from":[10.833334,-13.333334,-4.833334],"to":[11.5,-12.666668,2.833333],"faces":{"east":{"uv":[2.5,7.25,3.9375,7.375],"tintindex":0,"rotation":0,"texture":"#0"},"south":{"uv":[3.875,7.25,4.0,7.375],"tintindex":0,"rotation":0,"texture":"#0"},"north":{"uv":[2.5,7.25,3.9375,7.375],"tintindex":0,"rotation":0,"texture":"#0"},"west":{"uv":[2.5,7.25,3.9375,7.375],"tintindex":0,"rotation":0,"texture":"#0"},"up":{"uv":[2.5,5.6875,1.0,5.8125],"tintindex":0,"rotation":90,"texture":"#0"},"down":{"uv":[2.5,7.25,3.9375,7.375],"tintindex":0,"rotation":90,"texture":"#0"}}},{"from":[3.1666665,-13.333334,-4.833334],"to":[3.833333,-12.666668,2.833333],"faces":{"east":{"uv":[2.5,7.25,3.9375,7.375],"tintindex":0,"rotation":0,"texture":"#0"},"south":{"uv":[2.5,7.25,2.625,7.375],"tintindex":0,"rotation":0,"texture":"#0"},"north":{"uv":[2.5,7.25,3.9375,7.375],"tintindex":0,"rotation":0,"texture":"#0"},"west":{"uv":[2.5,7.25,3.9375,7.375],"tintindex":0,"rotation":0,"texture":"#0"},"up":{"uv":[2.5,5.6875,1.0,5.8125],"tintindex":0,"rotation":90,"texture":"#0"},"down":{"uv":[2.5,7.25,3.9375,7.375],"tintindex":0,"rotation":90,"texture":"#0"}}},{"from":[10.666667,-8.666668,2.2999997],"to":[11.166667,-2.333334,2.7999997],"faces":{"east":{"uv":[4.0,7.0625,4.125,8.25],"tintindex":0,"rotation":0,"texture":"#0"},"south":{"uv":[4.125,7.0625,4.25,8.25],"tintindex":0,"rotation":0,"texture":"#0"},"north":{"uv":[4.125,7.0625,4.25,8.25],"tintindex":0,"rotation":0,"texture":"#0"},"west":{"uv":[4.0,7.0625,4.125,8.25],"tintindex":0,"rotation":0,"texture":"#0"}}},{"from":[8.5,-9.333334,-5.5],"to":[11.5,-8.666668,-4.833334],"faces":{"east":{"uv":[1.125,5.6875,1.0,5.8125],"tintindex":0,"rotation":0,"texture":"#0"},"south":{"uv":[1.5,5.6875,1.0,5.8125],"tintindex":0,"rotation":0,"texture":"#0"},"north":{"uv":[1.5,5.6875,1.0,5.8125],"tintindex":0,"rotation":0,"texture":"#0"},"west":{"uv":[1.125,5.6875,1.0,5.8125],"tintindex":0,"rotation":0,"texture":"#0"},"up":{"uv":[1.5,5.6875,1.0,5.8125],"tintindex":0,"rotation":0,"texture":"#0"},"down":{"uv":[1.5,5.6875,1.0,5.8125],"tintindex":0,"rotation":0,"texture":"#0"}}},{"from":[3.6666665,-8.666668,2.2999997],"to":[4.1666665,-2.333334,2.7999997],"faces":{"east":{"uv":[4.0,7.0625,4.125,8.25],"tintindex":0,"rotation":0,"texture":"#0"},"south":{"uv":[4.125,7.0625,4.25,8.25],"tintindex":0,"rotation":0,"texture":"#0"},"north":{"uv":[4.125,7.0625,4.25,8.25],"tintindex":0,"rotation":0,"texture":"#0"},"west":{"uv":[4.0,7.0625,4.125,8.25],"tintindex":0,"rotation":0,"texture":"#0"}}},{"from":[6.0,-4.0,-2.666667],"to":[8.666667,-2.333334,0.0],"faces":{"east":{"uv":[7.0,5.375,7.5,5.6875],"tintindex":0,"rotation":0,"texture":"#0"},"south":{"uv":[7.0,5.375,7.5,5.6875],"tintindex":0,"rotation":0,"texture":"#0"},"north":{"uv":[7.0,5.375,7.5,5.6875],"tintindex":0,"rotation":0,"texture":"#0"},"west":{"uv":[7.0,5.375,7.5,5.6875],"tintindex":0,"rotation":0,"texture":"#0"},"up":{"uv":[5.5,4.5,5.0,4.0],"tintindex":0,"rotation":0,"texture":"#0"},"down":{"uv":[5.5,4.5,5.0,5.0],"tintindex":0,"rotation":0,"texture":"#0"}}},{"from":[10.833334,-9.333334,-4.833334],"to":[11.5,-8.666668,2.833333],"faces":{"east":{"uv":[1.0,5.6875,2.4375,5.8125],"tintindex":0,"rotation":0,"texture":"#0"},"south":{"uv":[2.375,5.6875,2.5,5.8125],"tintindex":0,"rotation":0,"texture":"#0"},"north":{"uv":[2.375,5.6875,2.5,5.8125],"tintindex":0,"rotation":0,"texture":"#0"},"west":{"uv":[1.0,5.6875,2.5,5.8125],"tintindex":0,"rotation":0,"texture":"#0"},"up":{"uv":[2.5,5.6875,1.0,5.8125],"tintindex":0,"rotation":90,"texture":"#0"},"down":{"uv":[1.0,5.8125,2.5,5.6875],"tintindex":0,"rotation":0,"texture":"#0"}}},{"from":[3.833333,-9.333334,2.1666665],"to":[10.833334,-8.666668,2.833333],"faces":{"east":{"uv":[2.5,5.6875,1.0,5.8125],"tintindex":0,"rotation":0,"texture":"#0"},"south":{"uv":[2.4375,5.6875,1.0625,5.8125],"tintindex":0,"rotation":0,"texture":"#0"},"north":{"uv":[2.4375,5.6875,1.0625,5.8125],"tintindex":0,"rotation":0,"texture":"#0"},"west":{"uv":[2.5,5.6875,1.0,5.8125],"tintindex":0,"rotation":0,"texture":"#0"},"up":{"uv":[2.4375,5.6875,1.0625,5.8125],"tintindex":0,"rotation":0,"texture":"#0"},"down":{"uv":[2.4375,5.6875,1.0625,5.8125],"tintindex":0,"rotation":0,"texture":"#0"}}},{"from":[3.6666665,-8.666668,-5.4333334],"to":[4.1666665,-2.333334,-4.9333334],"faces":{"east":{"uv":[4.0,7.0625,4.125,8.25],"tintindex":0,"rotation":0,"texture":"#0"},"south":{"uv":[4.125,7.0625,4.25,8.25],"tintindex":0,"rotation":0,"texture":"#0"},"north":{"uv":[4.125,7.0625,4.25,8.25],"tintindex":0,"rotation":0,"texture":"#0"},"west":{"uv":[4.0,7.0625,4.125,8.25],"tintindex":0,"rotation":0,"texture":"#0"}}},{"from":[8.666667,-2.333334,0.0],"to":[6.0,-4.0,-2.666667],"faces":{"east":{"uv":[7.0,5.6875,7.5,5.375],"tintindex":0,"rotation":0,"texture":"#0"},"south":{"uv":[7.0,5.6875,7.5,5.375],"tintindex":0,"rotation":0,"texture":"#0"},"north":{"uv":[7.0,5.6875,7.5,5.375],"tintindex":0,"rotation":0,"texture":"#0"},"west":{"uv":[7.0,5.6875,7.5,5.375],"tintindex":0,"rotation":0,"texture":"#0"},"up":{"uv":[5.0,4.5,5.5,5.0],"tintindex":0,"rotation":0,"texture":"#0"},"down":{"uv":[5.0,4.5,5.5,4.0],"tintindex":0,"rotation":0,"texture":"#0"}}},{"from":[3.1666665,-9.333334,-4.833334],"to":[3.833333,-8.666668,2.833333],"faces":{"east":{"uv":[1.0,5.6875,2.4375,5.8125],"tintindex":0,"rotation":0,"texture":"#0"},"south":{"uv":[2.375,5.6875,2.5,5.8125],"tintindex":0,"rotation":0,"texture":"#0"},"north":{"uv":[2.375,5.6875,2.5,5.8125],"tintindex":0,"rotation":0,"texture":"#0"},"west":{"uv":[1.0,5.6875,2.5,5.8125],"tintindex":0,"rotation":0,"texture":"#0"},"up":{"uv":[2.5,5.6875,1.0,5.8125],"tintindex":0,"rotation":90,"texture":"#0"},"down":{"uv":[1.0,5.8125,2.5,5.6875],"tintindex":0,"rotation":0,"texture":"#0"}}},{"from":[11.333334,-9.266666,2.6666665],"to":[3.333333,-13.266666,-5.333334],"faces":{"east":{"uv":[2.5,7.375,4.0,6.625],"tintindex":0,"rotation":0,"texture":"#0"},"south":{"uv":[1.0,6.5625,2.5,5.8125],"tintindex":0,"rotation":0,"texture":"#0"},"north":{"uv":[2.5,7.375,4.0,6.625],"tintindex":0,"rotation":0,"texture":"#0"},"west":{"uv":[2.5,7.375,4.0,6.625],"tintindex":0,"rotation":0,"texture":"#0"},"up":{"uv":[2.5,5.0,4.0,6.5],"tintindex":0,"rotation":0,"texture":"#0"}}},{"from":[3.1666665,-9.333334,-5.5],"to":[6.1666665,-8.666668,-4.833334],"faces":{"east":{"uv":[1.125,5.6875,1.0,5.8125],"tintindex":0,"rotation":0,"texture":"#0"},"south":{"uv":[1.5,5.6875,1.0,5.8125],"tintindex":0,"rotation":0,"texture":"#0"},"north":{"uv":[1.5,5.6875,1.0,5.8125],"tintindex":0,"rotation":0,"texture":"#0"},"west":{"uv":[1.125,5.6875,1.0,5.8125],"tintindex":0,"rotation":0,"texture":"#0"},"up":{"uv":[1.5,5.6875,1.0,5.8125],"tintindex":0,"rotation":0,"texture":"#0"},"down":{"uv":[1.5,5.6875,1.0,5.8125],"tintindex":0,"rotation":0,"texture":"#0"}}},{"from":[10.833334,-12.633333,2.1666665],"to":[11.5,-9.333334,2.833333],"faces":{"east":{"uv":[1.0,5.8125,1.125,6.4375],"tintindex":0,"rotation":0,"texture":"#0"},"south":{"uv":[1.125,5.8125,1.0,6.4375],"tintindex":0,"rotation":0,"texture":"#0"},"north":{"uv":[1.0,5.8125,1.125,6.4375],"tintindex":0,"rotation":0,"texture":"#0"},"west":{"uv":[1.125,5.8125,1.0,6.4375],"tintindex":0,"rotation":0,"texture":"#0"},"up":{"uv":[1.5,5.6875,1.0,5.8125],"tintindex":0,"rotation":0,"texture":"#0"},"down":{"uv":[1.125,6.4375,1.0,6.5625],"tintindex":0,"rotation":0,"texture":"#0"}}},{"from":[3.833333,-13.333334,2.1666665],"to":[10.833334,-12.666668,2.833333],"faces":{"east":{"uv":[2.5,5.6875,1.0,5.8125],"tintindex":0,"rotation":0,"texture":"#0"},"south":{"uv":[3.9375,7.25,2.5625,7.375],"tintindex":0,"rotation":0,"texture":"#0"},"north":{"uv":[3.9375,7.25,2.5625,7.375],"tintindex":0,"rotation":0,"texture":"#0"},"west":{"uv":[2.5,5.6875,1.0,5.8125],"tintindex":0,"rotation":0,"texture":"#0"},"up":{"uv":[3.9375,7.25,2.5625,7.375],"tintindex":0,"rotation":0,"texture":"#0"},"down":{"uv":[3.9375,7.25,2.5625,7.375],"tintindex":0,"rotation":0,"texture":"#0"}}},{"from":[3.1666665,-13.299999,-5.5],"to":[3.833333,-9.333334,-4.833334],"faces":{"east":{"uv":[1.125,5.8125,1.0,6.5625],"tintindex":0,"rotation":0,"texture":"#0"},"south":{"uv":[1.125,5.8125,1.0,6.5625],"tintindex":0,"rotation":0,"texture":"#0"},"north":{"uv":[1.125,5.8125,1.0,6.5625],"tintindex":0,"rotation":0,"texture":"#0"},"west":{"uv":[1.0,5.8125,1.125,6.5625],"tintindex":0,"rotation":0,"texture":"#0"},"up":{"uv":[1.5,5.6875,1.0,5.8125],"tintindex":0,"rotation":0,"texture":"#0"},"down":{"uv":[1.125,6.4375,1.0,6.5625],"tintindex":0,"rotation":0,"texture":"#0"}}},{"from":[3.833333,-13.299999,-5.5],"to":[5.5,-12.633333,-4.833334],"faces":{"east":{"uv":[1.125,5.6875,1.0,5.8125],"tintindex":0,"rotation":0,"texture":"#0"},"south":{"uv":[1.5,5.6875,1.0,5.8125],"tintindex":0,"rotation":0,"texture":"#0"},"north":{"uv":[1.375,6.4375,1.125,6.5625],"tintindex":0,"rotation":0,"texture":"#0"},"west":{"uv":[1.125,5.6875,1.0,5.8125],"tintindex":0,"rotation":0,"texture":"#0"},"up":{"uv":[1.5,5.6875,1.0,5.8125],"tintindex":0,"rotation":0,"texture":"#0"},"down":{"uv":[1.5,5.6875,1.0,5.8125],"tintindex":0,"rotation":0,"texture":"#0"}}},{"from":[8.5,-13.299999,-5.5],"to":[9.166667,-9.333334,-4.833334],"faces":{"east":{"uv":[1.125,5.8125,1.0,6.5625],"tintindex":0,"rotation":0,"texture":"#0"},"south":{"uv":[1.125,5.8125,1.0,6.5625],"tintindex":0,"rotation":0,"texture":"#0"},"north":{"uv":[1.125,5.8125,1.0,6.5625],"tintindex":0,"rotation":0,"texture":"#0"},"west":{"uv":[1.0,5.8125,1.125,6.5625],"tintindex":0,"rotation":0,"texture":"#0"},"up":{"uv":[1.5,5.6875,1.0,5.8125],"tintindex":0,"rotation":0,"texture":"#0"},"down":{"uv":[1.125,6.4375,1.0,6.5625],"tintindex":0,"rotation":0,"texture":"#0"}}},{"from":[10.666667,-8.666668,-5.4333334],"to":[11.166667,-2.333334,-4.9333334],"faces":{"east":{"uv":[4.0,7.0625,4.125,8.25],"tintindex":0,"rotation":0,"texture":"#0"},"south":{"uv":[4.125,7.0625,4.25,8.25],"tintindex":0,"rotation":0,"texture":"#0"},"north":{"uv":[4.125,7.0625,4.25,8.25],"tintindex":0,"rotation":0,"texture":"#0"},"west":{"uv":[4.0,7.0625,4.125,8.25],"tintindex":0,"rotation":0,"texture":"#0"}}}]}