{"parent":"minecraft:item/handheld","textures":{"layer0":"minecraft:item/diamond_axe"},"overrides":[{"predicate":{"custom_model_data":10000},"model":"equipments:weapons/amethyst_axe"},{"predicate":{"custom_model_data":10001},"model":"equipments:weapons/emerald_axe"},{"predicate":{"custom_model_data":10002},"model":"equipments:weapons/obsidian_axe"},{"predicate":{"custom_model_data":10003},"model":"equipments:weapons/ruby_axe"},{"predicate":{"custom_model_data":10045},"model":"minecraft:item/diamond_axe"}]}