{"parent":"item/generated","textures":{"layer0":"item/feather"},"display":{"head":{"rotation":[0,0,45],"translation":[-1,13,7],"scale":[1,1,1]}},"overrides":[{"predicate":{"custom_model_data":10037},"model":"cosmetic:custom/menu/back"},{"predicate":{"custom_model_data":10038},"model":"cosmetic:custom/menu/back_gray"},{"predicate":{"custom_model_data":10039},"model":"cosmetic:custom/menu/next"},{"predicate":{"custom_model_data":10040},"model":"cosmetic:custom/menu/next_gray"},{"predicate":{"custom_model_data":10041},"model":"cosmetic:custom/menu/empty"},{"predicate":{"custom_model_data":10042},"model":"cosmetic:custom/spray/spray1"},{"predicate":{"custom_model_data":10043},"model":"cosmetic:custom/item/spray"},{"predicate":{"custom_model_data":10044},"model":"cosmetic:custom/item/spray"},{"predicate":{"custom_model_data":10045},"model":"minecraft:item/feather"}]}