{"data":14,"parent":"item/generated","textures":{"layer0":"item/leather_horse_armor"},"overrides":[{"predicate":{"custom_model_data":1},"model":"modelengine:air_balloon/bottom"},{"predicate":{"custom_model_data":2},"model":"modelengine:air_balloon/balloon_top"},{"predicate":{"custom_model_data":3},"model":"modelengine:windmill_02/pusanggala"},{"predicate":{"custom_model_data":4},"model":"modelengine:windmill_02/windmillwings5"},{"predicate":{"custom_model_data":5},"model":"modelengine:windmill_02/windmillwings4"},{"predicate":{"custom_model_data":6},"model":"modelengine:windmill_02/bone5"},{"predicate":{"custom_model_data":7},"model":"modelengine:windmill_02/windmillwings3"},{"predicate":{"custom_model_data":8},"model":"modelengine:windmill_02/windmillwings2"},{"predicate":{"custom_model_data":9},"model":"modelengine:windmill_02/bone16"},{"predicate":{"custom_model_data":10},"model":"modelengine:windmill_02/bone14"},{"predicate":{"custom_model_data":11},"model":"modelengine:windmill_02/bone2"},{"predicate":{"custom_model_data":12},"model":"modelengine:windmill_02/bone"},{"predicate":{"custom_model_data":13},"model":"modelengine:windmill_02/bone10"},{"predicate":{"custom_model_data":14},"model":"modelengine:windmill_02/bone12"},{"predicate":{"custom_model_data":15},"model":"modelengine:windmill_02/bone6"},{"predicate":{"custom_model_data":16},"model":"modelengine:windmill_02/bone8"},{"predicate":{"custom_model_data":17},"model":"modelengine:windmill_02/bone17"},{"predicate":{"custom_model_data":18},"model":"modelengine:windmill_02/bone15"},{"predicate":{"custom_model_data":19},"model":"modelengine:windmill_02/bone3"},{"predicate":{"custom_model_data":20},"model":"modelengine:windmill_02/bone4"},{"predicate":{"custom_model_data":21},"model":"modelengine:windmill_02/bone11"},{"predicate":{"custom_model_data":22},"model":"modelengine:windmill_02/bone13"},{"predicate":{"custom_model_data":23},"model":"modelengine:windmill_02/bone7"},{"predicate":{"custom_model_data":24},"model":"modelengine:windmill_02/bone9"},{"predicate":{"custom_model_data":10000},"model":"cosmetic:custom/item/ballon"},{"predicate":{"custom_model_data":10001},"model":"cosmetic:custom/item/stick"},{"predicate":{"custom_model_data":10002},"model":"cosmetic:custom/item/brush"},{"predicate":{"custom_model_data":10003},"model":"cosmetic:custom/item/backpack"},{"predicate":{"custom_model_data":10004},"model":"cosmetic:custom/item/stand"},{"predicate":{"custom_model_data":10005},"model":"cosmetic:custom/item/mexhat"},{"predicate":{"custom_model_data":10006},"model":"cosmetic:custom/item/token"},{"predicate":{"custom_model_data":10012},"model":"cosmetic:custom/item/tone"},{"predicate":{"custom_model_data":10013},"model":"cosmetic:custom/item/hotdog"},{"predicate":{"custom_model_data":10014},"model":"cosmetic:custom/item/baseball_cap"},{"predicate":{"custom_model_data":10015},"model":"cosmetic:custom/item/beanie_hat_1"},{"predicate":{"custom_model_data":10016},"model":"cosmetic:custom/item/beanie_hat_2"},{"predicate":{"custom_model_data":10017},"model":"cosmetic:custom/item/winged_helmet"},{"predicate":{"custom_model_data":10018},"model":"cosmetic:custom/item/witch_hat"},{"predicate":{"custom_model_data":10019},"model":"decorations:outdoor/wagon"},{"predicate":{"custom_model_data":10020},"model":"decorations:indoor/curtain"},{"predicate":{"custom_model_data":10021},"model":"decorations:indoor/single_chair"},{"predicate":{"custom_model_data":10022},"model":"decorations:indoor/triple_single_chair"},{"predicate":{"custom_model_data":10023},"model":"minecraft:item/leather_horse_armor"}]}