{"parent":"minecraft:item/generated","textures":{"layer0":"minecraft:item/paper"},"overrides":[{"predicate":{"custom_model_data":105},"model":"block/custom/noteblock_1"},{"predicate":{"custom_model_data":106},"model":"block/custom/noteblock_2"},{"predicate":{"custom_model_data":10228},"model":"cosmetic:custom/spray/spray1"},{"predicate":{"custom_model_data":10009},"model":"cosmetic:custom/spray/spray1"},{"predicate":{"custom_model_data":10010},"model":"profile:gui_item/offline"},{"predicate":{"custom_model_data":10011},"model":"profile:gui_item/online"},{"predicate":{"custom_model_data":10012},"model":"minecraft:item/paper"},{"predicate":{"custom_model_data":100002},"model":"decorations:construction/bollard"},{"predicate":{"custom_model_data":100003},"model":"decorations:construction/cone"},{"predicate":{"custom_model_data":100004},"model":"decorations:construction/planks"},{"predicate":{"custom_model_data":100005},"model":"decorations:construction/planks_2"},{"predicate":{"custom_model_data":100006},"model":"decorations:construction/planks_3"},{"predicate":{"custom_model_data":100007},"model":"decorations:construction/planks_wall"},{"predicate":{"custom_model_data":100008},"model":"decorations:construction/roadblock"},{"predicate":{"custom_model_data":100009},"model":"decorations:construction/under_construction"},{"predicate":{"custom_model_data":100010},"model":"decorations:construction/construction_crates"},{"predicate":{"custom_model_data":100011},"model":"decorations:outdoor/bench"},{"predicate":{"custom_model_data":100018},"model":"decorations:indoor/ceiling_fan"},{"predicate":{"custom_model_data":100019},"model":"decorations:indoor/ceiling_fan_light"},{"predicate":{"custom_model_data":100038},"model":"decorations:outdoor/tent"},{"predicate":{"custom_model_data":100039},"model":"decorations:outdoor/step_ladder"},{"predicate":{"custom_model_data":100041},"model":"decorations:outdoor/awning_flat_striped_pb"},{"predicate":{"custom_model_data":100042},"model":"decorations:outdoor/awning_flat_striped_pb_2"},{"predicate":{"custom_model_data":100043},"model":"decorations:outdoor/awning_flat_striped_pb_3"},{"predicate":{"custom_model_data":100047},"model":"decorations:outdoor/awning_striped_rb"},{"predicate":{"custom_model_data":100048},"model":"decorations:outdoor/awning_striped_rb_2"},{"predicate":{"custom_model_data":100049},"model":"decorations:outdoor/awning_striped_rb_3"},{"predicate":{"custom_model_data":100050},"model":"decorations:outdoor/potted_cherry_tree"},{"predicate":{"custom_model_data":100051},"model":"decorations:outdoor/potted_plant"},{"predicate":{"custom_model_data":100052},"model":"decorations:outdoor/fire_hydrant"},{"predicate":{"custom_model_data":100067},"model":"decorations:seashore/life_preserver"},{"predicate":{"custom_model_data":100068},"model":"decorations:outdoor/picnic_table"},{"predicate":{"custom_model_data":100072},"model":"decorations:indoor/bedroom_bed"},{"predicate":{"custom_model_data":100073},"model":"decorations:indoor/high_bookshelf"},{"predicate":{"custom_model_data":100074},"model":"decorations:indoor/short_bookshelf"},{"predicate":{"custom_model_data":100075},"model":"decorations:indoor/short_cupboard"},{"predicate":{"custom_model_data":100077},"model":"decorations:indoor/bedroom_lamp"},{"predicate":{"custom_model_data":100078},"model":"decorations:outdoor/artisan_table"},{"predicate":{"custom_model_data":100079},"model":"decorations:outdoor/horse_cart"},{"predicate":{"custom_model_data":100080},"model":"misc:gui/quest_notify_active"},{"predicate":{"custom_model_data":100081},"model":"misc:gui/quest_notify_inactive"},{"predicate":{"custom_model_data":100082},"model":"misc:gui/quest_completed"},{"predicate":{"custom_model_data":100083},"model":"misc:gui/quest_completed_unclaim"},{"predicate":{"custom_model_data":100084},"model":"misc:gui/quest_locked"},{"predicate":{"custom_model_data":100085},"model":"misc:gui/ui/chest_claim"},{"predicate":{"custom_model_data":100086},"model":"misc:gui/ui/chest_unclaim"},{"predicate":{"custom_model_data":100087},"model":"misc:gui/ui/information"},{"predicate":{"custom_model_data":100088},"model":"misc:gui/ui/key_locked"},{"predicate":{"custom_model_data":100089},"model":"misc:gui/ui/scroll_down"},{"predicate":{"custom_model_data":100090},"model":"misc:gui/ui/scroll_left"},{"predicate":{"custom_model_data":100091},"model":"misc:gui/ui/scroll_right"},{"predicate":{"custom_model_data":100092},"model":"misc:gui/ui/scroll_up"},{"predicate":{"custom_model_data":100093},"model":"misc:gui/ui/server"},{"predicate":{"custom_model_data":100094},"model":"misc:gui/ui/progress_bar_blank"},{"predicate":{"custom_model_data":100095},"model":"misc:gui/ui/progress_bar"},{"predicate":{"custom_model_data":100096},"model":"misc:gui/ui/progress_bar_1"},{"predicate":{"custom_model_data":100097},"model":"misc:gui/ui/progress_bar_2"},{"predicate":{"custom_model_data":100098},"model":"misc:gui/ui/progress_bar_3"},{"predicate":{"custom_model_data":100099},"model":"misc:gui/ui/battlepass_premium"},{"predicate":{"custom_model_data":100100},"model":"misc:gui/ui/close"},{"predicate":{"custom_model_data":100101},"model":"misc:gui/ui/task"},{"predicate":{"custom_model_data":100102},"model":"misc:gui/ui/in_progress"},{"predicate":{"custom_model_data":100103},"model":"misc:gui/ui/rewards_item"},{"predicate":{"custom_model_data":100104},"model":"misc:gui/ui/quest_daily_complete"},{"predicate":{"custom_model_data":100105},"model":"misc:gui/ui/quest_daily_easy"},{"predicate":{"custom_model_data":100106},"model":"misc:gui/ui/quest_daily_normal"},{"predicate":{"custom_model_data":100107},"model":"misc:gui/ui/quest_daily_hard"},{"predicate":{"custom_model_data":100108},"model":"misc:misc/compass"},{"predicate":{"custom_model_data":100109},"model":"misc:gui/ui/green_1"},{"predicate":{"custom_model_data":100110},"model":"misc:gui/ui/green_2"},{"predicate":{"custom_model_data":100111},"model":"misc:gui/ui/green_3"},{"predicate":{"custom_model_data":100112},"model":"misc:gui/ui/green_4"},{"predicate":{"custom_model_data":100113},"model":"misc:gui/ui/green_5"},{"predicate":{"custom_model_data":100114},"model":"misc:gui/ui/green_6"},{"predicate":{"custom_model_data":100115},"model":"misc:gui/ui/green_7"},{"predicate":{"custom_model_data":100116},"model":"misc:gui/ui/green_8"},{"predicate":{"custom_model_data":100117},"model":"misc:gui/ui/green_9"},{"predicate":{"custom_model_data":100118},"model":"dungeon:dungeon/fake_block_crimson_planks"},{"predicate":{"custom_model_data":100119},"model":"dungeon:dungeon/fake_block_gold_block"},{"predicate":{"custom_model_data":100120},"model":"dungeon:dungeon/fake_block_iron_block"},{"predicate":{"custom_model_data":100121},"model":"dungeon:dungeon/fake_block_red_nether"},{"predicate":{"custom_model_data":100122},"model":"dungeon:dungeon/fake_block_stone"},{"predicate":{"custom_model_data":100123},"model":"dungeon:dungeon/fake_block_warped_planks"},{"predicate":{"custom_model_data":100124},"model":"decorations:indoor/gold_crates"},{"predicate":{"custom_model_data":100125},"model":"decorations:indoor/silver_crates"},{"predicate":{"custom_model_data":100126},"model":"decorations:indoor/diamond_crates"},{"predicate":{"custom_model_data":100127},"model":"decorations:outdoor/frog_statue"},{"predicate":{"custom_model_data":100128},"model":"misc:gui/ui/filler"},{"predicate":{"custom_model_data":100129},"model":"misc:gui/ui/category"},{"predicate":{"custom_model_data":100130},"model":"misc:gui/ui/main_category"},{"predicate":{"custom_model_data":100131},"model":"misc:gui/ui/refresh"},{"predicate":{"custom_model_data":100132},"model":"misc:gui/ui/search"},{"predicate":{"custom_model_data":100133},"model":"misc:gui/ui/sort"},{"predicate":{"custom_model_data":100134},"model":"misc:gui/ui/confirm"},{"predicate":{"custom_model_data":100135},"model":"decorations:outdoor/village_notice"},{"predicate":{"custom_model_data":100136},"model":"misc:gui/ui/orange_quest_filler_right"},{"predicate":{"custom_model_data":100137},"model":"misc:gui/ui/unknown_quest"},{"predicate":{"custom_model_data":100138},"model":"misc:gui/ui/unknown_quest_no"},{"predicate":{"custom_model_data":100139},"model":"misc:gui/ui/rewards_item_unclaim"},{"predicate":{"custom_model_data":100140},"model":"misc:gui/ui/rewards_notify_to_claim"},{"predicate":{"custom_model_data":100141},"model":"misc:gui/morning_time"},{"predicate":{"custom_model_data":100142},"model":"misc:gui/evening_time"},{"predicate":{"custom_model_data":100143},"model":"misc:gui/profiles_cosmetic"},{"predicate":{"custom_model_data":100144},"model":"misc:gui/profiles_armor"},{"predicate":{"custom_model_data":100145},"model":"misc:gui/auction/auctioneer"},{"predicate":{"custom_model_data":100146},"model":"misc:gui/ui/not_ready"},{"predicate":{"custom_model_data":100147},"model":"misc:gui/ui/cannot_ready"},{"predicate":{"custom_model_data":100148},"model":"misc:gui/ui/trade"},{"predicate":{"custom_model_data":100149},"model":"misc:currency/coin"}]}