{"parent":"minecraft:item/template_skull","overrides":[{"predicate":{"custom_model_data":1},"model":"custom/entities/player/head"},{"predicate":{"custom_model_data":2},"model":"custom/entities/player/right_arm"},{"predicate":{"custom_model_data":3},"model":"custom/entities/player/left_arm"},{"predicate":{"custom_model_data":4},"model":"custom/entities/player/torso"},{"predicate":{"custom_model_data":5},"model":"custom/entities/player/right_leg"},{"predicate":{"custom_model_data":6},"model":"custom/entities/player/left_leg"},{"predicate":{"custom_model_data":7},"model":"custom/entities/player/slim_right"},{"predicate":{"custom_model_data":8},"model":"custom/entities/player/slim_left"},{"predicate":{"custom_model_data":10000},"model":"profile:gui_item/player_head_gui"},{"predicate":{"custom_model_data":10003},"model":"heads:item/bighead"},{"predicate":{"custom_model_data":10013},"model":"minecraft:item/player_head"}]}