{"credit":"Made with Blockbench","texture_size":[128,128],"textures":{"0":"decorations:construction/construction","particle":"decorations:construction/construction"},"elements":[{"from":[-7.81597,2,14.95252],"to":[27.18403,4,21.95252],"rotation":{"angle":0,"axis":"y","origin":[4.68403,1,12.45252]},"faces":{"north":{"uv":[9,1.875,13.375,2.125],"texture":"#0"},"east":{"uv":[9.875,2.125,9,2.375],"texture":"#0"},"south":{"uv":[9,1.875,13.375,2.125],"texture":"#0"},"west":{"uv":[9,2.125,9.875,2.375],"texture":"#0"},"up":{"uv":[9,1,13.375,1.875],"texture":"#0"},"down":{"uv":[9,1,13.375,1.875],"rotation":180,"texture":"#0"}}},{"from":[-7.81597,2,5.95252],"to":[27.18403,4,12.95252],"rotation":{"angle":0,"axis":"y","origin":[4.68403,1,12.45252]},"faces":{"north":{"uv":[9,1.875,13.375,2.125],"texture":"#0"},"east":{"uv":[9.875,2.125,9,2.375],"texture":"#0"},"south":{"uv":[9,1.875,13.375,2.125],"texture":"#0"},"west":{"uv":[9,2.125,9.875,2.375],"texture":"#0"},"up":{"uv":[9,1,13.375,1.875],"texture":"#0"},"down":{"uv":[9,1,13.375,1.875],"rotation":180,"texture":"#0"}}},{"from":[-7.81597,0,9.95252],"to":[27.18403,2,16.95252],"rotation":{"angle":0,"axis":"y","origin":[4.68403,1,12.45252]},"faces":{"north":{"uv":[9,1.875,13.375,2.125],"texture":"#0"},"east":{"uv":[9.875,2.125,9,2.375],"texture":"#0"},"south":{"uv":[9,1.875,13.375,2.125],"texture":"#0"},"west":{"uv":[9,2.125,9.875,2.375],"texture":"#0"},"up":{"uv":[9,1,13.375,1.875],"texture":"#0"},"down":{"uv":[9,1,13.375,1.875],"rotation":180,"texture":"#0"}}},{"from":[-7.81597,0,1.95252],"to":[27.18403,2,8.95252],"rotation":{"angle":0,"axis":"y","origin":[4.68403,1,12.45252]},"faces":{"north":{"uv":[9,1.875,13.375,2.125],"texture":"#0"},"east":{"uv":[9.875,2.125,9,2.375],"texture":"#0"},"south":{"uv":[9,1.875,13.375,2.125],"texture":"#0"},"west":{"uv":[9,2.125,9.875,2.375],"texture":"#0"},"up":{"uv":[9,1,13.375,1.875],"texture":"#0"},"down":{"uv":[9,1,13.375,1.875],"rotation":180,"texture":"#0"}}},{"from":[-7.81597,2,-1.04748],"to":[27.18403,4,5.95252],"rotation":{"angle":0,"axis":"y","origin":[4.68403,1,12.45252]},"faces":{"north":{"uv":[9,1.875,13.375,2.125],"texture":"#0"},"east":{"uv":[9.875,2.125,9,2.375],"texture":"#0"},"south":{"uv":[9,1.875,13.375,2.125],"texture":"#0"},"west":{"uv":[9,2.125,9.875,2.375],"texture":"#0"},"up":{"uv":[9,1,13.375,1.875],"texture":"#0"},"down":{"uv":[9,1,13.375,1.875],"rotation":180,"texture":"#0"}}},{"from":[7.18403,4,-11.04748],"to":[14.18403,6,23.95252],"rotation":{"angle":-45,"axis":"y","origin":[4.68403,1,12.45252]},"faces":{"north":{"uv":[9.875,2.125,9,2.375],"texture":"#0"},"east":{"uv":[9,1.875,13.375,2.125],"texture":"#0"},"south":{"uv":[9,2.125,9.875,2.375],"texture":"#0"},"west":{"uv":[9,1.875,13.375,2.125],"texture":"#0"},"up":{"uv":[9,1,13.375,1.875],"rotation":270,"texture":"#0"},"down":{"uv":[9,1,13.375,1.875],"rotation":270,"texture":"#0"}}},{"from":[-1.81597,4,-9.04748],"to":[5.18403,6,25.95252],"rotation":{"angle":-45,"axis":"y","origin":[4.68403,1,12.45252]},"faces":{"north":{"uv":[9.875,2.125,9,2.375],"texture":"#0"},"east":{"uv":[9,1.875,13.375,2.125],"texture":"#0"},"south":{"uv":[9,2.125,9.875,2.375],"texture":"#0"},"west":{"uv":[9,1.875,13.375,2.125],"texture":"#0"},"up":{"uv":[9,1,13.375,1.875],"rotation":270,"texture":"#0"},"down":{"uv":[9,1,13.375,1.875],"rotation":270,"texture":"#0"}}}],"display":{"thirdperson_righthand":{"rotation":[63,34,0],"translation":[0,1,-1],"scale":[0.37891,0.37891,0.37891]},"thirdperson_lefthand":{"rotation":[63,34,0],"translation":[0,1,-1],"scale":[0.37891,0.37891,0.37891]},"firstperson_righthand":{"rotation":[3,112,-13],"translation":[9.5,0,-5.75],"scale":[0.35547,0.35547,0.35547]},"firstperson_lefthand":{"rotation":[3,112,-13],"translation":[9.5,0,-5.75],"scale":[0.35547,0.35547,0.35547]},"ground":{"translation":[0,4.25,0],"scale":[0.28906,0.28906,0.28906]},"gui":{"rotation":[30,-158,0],"translation":[-0.25,-0.25,0],"scale":[0.56992,0.56992,0.56992]},"head":{"translation":[0,-30.25,0],"scale":[1.6,1.6,1.6]},"fixed":{"rotation":[-90,0,0],"translation":[0,-11,-16.25],"scale":[2,2,2]}}}