{"credit":"Made with Blockbench","texture_size":[128,128],"textures":{"4":"decorations:construction/construction"},"elements":[{"from":[14,0,-3],"to":[21,4,4],"rotation":{"angle":22.5,"axis":"y","origin":[24.5,6,16.5]},"faces":{"north":{"uv":[2,3.875,3.5,4.375],"texture":"#4"},"east":{"uv":[2,3.875,3.5,4.375],"texture":"#4"},"south":{"uv":[2,3.875,3.5,4.375],"texture":"#4"},"west":{"uv":[2,3.875,3.5,4.375],"texture":"#4"},"up":{"uv":[3.5,5.375,2,3.875],"texture":"#4"},"down":{"uv":[2,3.875,3.5,5.375],"texture":"#4"}}},{"from":[15,4,-2],"to":[20,8,3],"rotation":{"angle":22.5,"axis":"y","origin":[24.5,6,16.5]},"faces":{"north":{"uv":[3.625,4.5,4.375,5.25],"texture":"#4"},"east":{"uv":[3.625,4.5,4.375,5.25],"texture":"#4"},"south":{"uv":[3.625,4.5,4.375,5.25],"texture":"#4"},"west":{"uv":[3.625,4.5,4.375,5.25],"texture":"#4"},"up":{"uv":[3.25,6.125,2.5,5.375],"texture":"#4"},"down":{"uv":[3.25,6.125,2.5,5.375],"texture":"#4"}}},{"from":[16,8,-1],"to":[19,12,2],"rotation":{"angle":22.5,"axis":"y","origin":[24.5,6,16.5]},"faces":{"north":{"uv":[3.75,5.375,4.25,6.125],"texture":"#4"},"east":{"uv":[3.75,5.375,4.25,6.125],"texture":"#4"},"south":{"uv":[3.75,5.375,4.25,6.125],"texture":"#4"},"west":{"uv":[3.75,5.375,4.25,6.125],"texture":"#4"},"up":{"uv":[4.125,4.375,3.625,3.875],"texture":"#4"},"down":{"uv":[4.125,4.375,3.625,3.875],"texture":"#4"}}},{"from":[1.90246,1,5.43281],"to":[5.90246,2,21.43281],"rotation":{"angle":22.5,"axis":"y","origin":[3.52186,0.95211,12.1194]},"faces":{"north":{"uv":[9.875,2.125,9,2.375],"texture":"#4"},"east":{"uv":[9,1.875,13.375,2.125],"texture":"#4"},"south":{"uv":[9,2.125,9.875,2.375],"texture":"#4"},"west":{"uv":[9,1.875,13.375,2.125],"texture":"#4"},"up":{"uv":[13.375,1.875,9,1],"rotation":90,"texture":"#4"},"down":{"uv":[13.375,1.875,9,1],"rotation":90,"texture":"#4"}}},{"from":[-3.16473,2,9.7388],"to":[12.83527,3,13.7388],"rotation":{"angle":-22.5,"axis":"y","origin":[3.52186,0.95211,12.1194]},"faces":{"north":{"uv":[9,1.875,13.375,2.125],"texture":"#4"},"east":{"uv":[9,2.125,9.875,2.375],"texture":"#4"},"south":{"uv":[9,1.875,13.375,2.125],"texture":"#4"},"west":{"uv":[9.875,2.125,9,2.375],"texture":"#4"},"up":{"uv":[13.375,1.875,9,1],"texture":"#4"},"down":{"uv":[13.375,1,9,1.875],"texture":"#4"}}},{"from":[-2.16473,0,11.7388],"to":[13.83527,1,15.7388],"rotation":{"angle":22.5,"axis":"y","origin":[3.52186,0.95211,12.1194]},"faces":{"north":{"uv":[9,1.875,13.375,2.125],"texture":"#4"},"east":{"uv":[9,2.125,9.875,2.375],"texture":"#4"},"south":{"uv":[9,1.875,13.375,2.125],"texture":"#4"},"west":{"uv":[9.875,2.125,9,2.375],"texture":"#4"},"up":{"uv":[13.375,1.875,9,1],"texture":"#4"},"down":{"uv":[13.375,1,9,1.875],"texture":"#4"}}}],"display":{"thirdperson_righthand":{"rotation":[60,-160,0],"translation":[0,3,0.25],"scale":[0.35586,0.35586,0.35586]},"thirdperson_lefthand":{"rotation":[60,-160,0],"translation":[-1.5,2,0.25],"scale":[0.35586,0.35586,0.35586]},"firstperson_righthand":{"rotation":[0,-73,6],"translation":[2.75,1.5,0],"scale":[0.19492,0.19492,0.19492]},"firstperson_lefthand":{"rotation":[0,-73,6],"translation":[2.25,2.5,0],"scale":[0.19492,0.19492,0.19492]},"ground":{"translation":[0,1.5,0],"scale":[0.35,0.35,0.35]},"gui":{"rotation":[30,-40,0],"translation":[0.5,2.25,0],"scale":[0.65898,0.65898,0.65898]},"head":{"translation":[0,-30.4,0],"scale":[1.6,1.6,1.6]},"fixed":{"rotation":[-90,-180,0],"translation":[0,0,-16],"scale":[2,2,2]}}}