{"credit":"MadewithBlockbench","textures":{"0":"cosmetic:custom/spray/spray1","particle":"cosmetic:custom/spray/spray1"},"elements":[{"from":[-16,0,0],"to":[32,29,1],"faces":{"north":{"uv":[0,2.5,16,13.125],"texture":"#0"},"east":{"uv":[0,13.8125,1,16],"texture":"#0"},"south":{"uv":[0,2.4375,16,13.125],"texture":"#0"},"west":{"uv":[0,13.6875,1,16],"texture":"#0"},"up":{"uv":[0,1,16,1],"texture":"#0"},"down":{"uv":[0,0.75,16,1.75],"texture":"#0"}}}],"gui_light":"front","display":{"gui":{"rotation":[0,10,0],"translation":[1.75,-2.75,0],"scale":[0.35156,0.38672,1]},"fixed":{"translation":[0,-1.75,31],"scale":[4,4,4]}}}