{"textures":{"0":"modelengine:entity/windmill_02"},"elements":[{"from":[3.0,3.0,-1.0],"to":[13.0,13.0,2.0],"faces":{"east":{"uv":[6.5,0.375,6.6875,1.0],"tintindex":0,"rotation":0,"texture":"#0"},"south":{"uv":[6.375,5.9375,7.0,6.5625],"tintindex":0,"rotation":0,"texture":"#0"},"north":{"uv":[6.375,5.3125,7.0,5.9375],"tintindex":0,"rotation":0,"texture":"#0"},"west":{"uv":[6.5,1.0,6.6875,1.625],"tintindex":0,"rotation":0,"texture":"#0"},"up":{"uv":[7.125,1.8125,6.5,1.625],"tintindex":0,"rotation":0,"texture":"#0"},"down":{"uv":[7.125,1.8125,6.5,2.0],"tintindex":0,"rotation":0,"texture":"#0"}}},{"from":[5.0,5.0,-6.0],"to":[11.0,11.0,22.0],"faces":{"east":{"uv":[1.125,6.3125,2.9375,6.6875],"tintindex":0,"rotation":0,"texture":"#0"},"south":{"uv":[6.5,0.0,6.875,0.375],"tintindex":0,"rotation":0,"texture":"#0"},"north":{"uv":[5.5,6.3125,5.875,6.6875],"tintindex":0,"rotation":0,"texture":"#0"},"west":{"uv":[2.9375,6.3125,4.75,6.6875],"tintindex":0,"rotation":0,"texture":"#0"},"up":{"uv":[5.125,8.125,4.75,6.3125],"tintindex":0,"rotation":0,"texture":"#0"},"down":{"uv":[5.5,6.3125,5.125,8.125],"tintindex":0,"rotation":0,"texture":"#0"}}},{"from":[6.0,6.0,-9.0],"to":[10.0,10.0,-6.0],"faces":{"east":{"uv":[6.5,2.5,6.6875,2.75],"tintindex":0,"rotation":0,"texture":"#0"},"south":{"uv":[6.5,2.25,6.75,2.5],"tintindex":0,"rotation":0,"texture":"#0"},"north":{"uv":[6.5,2.0,6.75,2.25],"tintindex":0,"rotation":0,"texture":"#0"},"west":{"uv":[6.5,2.75,6.6875,3.0],"tintindex":0,"rotation":0,"texture":"#0"},"up":{"uv":[6.75,3.1875,6.5,3.0],"tintindex":0,"rotation":0,"texture":"#0"},"down":{"uv":[6.75,3.1875,6.5,3.375],"tintindex":0,"rotation":0,"texture":"#0"}}}]}