{"textures":{"0":"modelengine:entity/windmill_02"},"elements":[{"from":[7.25,-14.25,7.75],"to":[7.75,8.5,8.25],"faces":{"east":{"uv":[6.125,11.0,6.25,5.3125],"tintindex":0,"rotation":0,"texture":"#0"},"south":{"uv":[6.25,11.0,6.375,5.3125],"tintindex":0,"rotation":0,"texture":"#0"},"north":{"uv":[6.0,11.0,6.125,5.3125],"tintindex":0,"rotation":0,"texture":"#0"},"west":{"uv":[0.125,12.0,0.0,6.3125],"tintindex":0,"rotation":0,"texture":"#0"},"up":{"uv":[6.0,6.5625,5.875,6.4375],"tintindex":0,"rotation":0,"texture":"#0"},"down":{"uv":[6.0,6.3125,5.875,6.4375],"tintindex":0,"rotation":0,"texture":"#0"}}}]}