{"textures":{"0":"modelengine:entity/windmill_02"},"elements":[{"from":[-15.346592,9.525882,7.75],"to":[7.403407,10.025882,8.25],"faces":{"east":{"uv":[6.625,3.625,6.5,3.5],"tintindex":0,"rotation":90,"texture":"#0"},"south":{"uv":[0.375,12.0,0.5,6.3125],"tintindex":0,"rotation":90,"texture":"#0"},"north":{"uv":[0.125,12.0,0.25,6.3125],"tintindex":0,"rotation":270,"texture":"#0"},"west":{"uv":[6.625,3.375,6.5,3.5],"tintindex":0,"rotation":90,"texture":"#0"},"up":{"uv":[0.5,12.0,0.625,6.3125],"tintindex":0,"rotation":90,"texture":"#0"},"down":{"uv":[0.25,12.0,0.375,6.3125],"tintindex":0,"rotation":90,"texture":"#0"}}}]}