{"textures":{"0":"modelengine:entity/windmill_02"},"elements":[{"from":[7.25,7.5,7.75],"to":[7.75,30.25,8.25],"faces":{"east":{"uv":[6.125,5.3125,6.25,11.0],"tintindex":0,"rotation":0,"texture":"#0"},"south":{"uv":[6.25,5.3125,6.375,11.0],"tintindex":0,"rotation":0,"texture":"#0"},"north":{"uv":[6.0,5.3125,6.125,11.0],"tintindex":0,"rotation":0,"texture":"#0"},"west":{"uv":[0.125,6.3125,0.0,12.0],"tintindex":0,"rotation":0,"texture":"#0"},"up":{"uv":[6.0,6.4375,5.875,6.3125],"tintindex":0,"rotation":0,"texture":"#0"},"down":{"uv":[6.0,6.4375,5.875,6.5625],"tintindex":0,"rotation":0,"texture":"#0"}}}]}