{"textures":{"0":"modelengine:entity/windmill_02"},"elements":[{"from":[8.25,7.5,7.75],"to":[8.75,30.25,8.25],"faces":{"east":{"uv":[0.25,6.3125,0.375,12.0],"tintindex":0,"rotation":0,"texture":"#0"},"south":{"uv":[0.375,6.3125,0.5,12.0],"tintindex":0,"rotation":0,"texture":"#0"},"north":{"uv":[0.125,6.3125,0.25,12.0],"tintindex":0,"rotation":0,"texture":"#0"},"west":{"uv":[0.5,6.3125,0.625,12.0],"tintindex":0,"rotation":0,"texture":"#0"},"up":{"uv":[6.625,3.5,6.5,3.375],"tintindex":0,"rotation":0,"texture":"#0"},"down":{"uv":[6.625,3.5,6.5,3.625],"tintindex":0,"rotation":0,"texture":"#0"}}}]}