{"textures":{"0":"modelengine:entity/windmill_02"},"elements":[{"from":[11.0,9.0,16.0],"to":[13.0,15.0,22.0],"faces":{"east":{"uv":[8.125,5.375,7.75,5.75],"tintindex":0,"rotation":0,"texture":"#0"},"south":{"uv":[8.25,5.375,8.125,5.75],"tintindex":0,"rotation":0,"texture":"#0"},"north":{"uv":[7.8125,5.375,7.6875,5.75],"tintindex":0,"rotation":0,"texture":"#0"},"west":{"uv":[7.75,5.375,8.125,5.75],"tintindex":0,"rotation":0,"texture":"#0"},"up":{"uv":[5.8125,5.3125,5.6875,5.625],"tintindex":0,"rotation":0,"texture":"#0"},"down":{"uv":[5.875,6.0,6.0,6.3125],"tintindex":0,"rotation":0,"texture":"#0"}}},{"from":[3.0,15.0,16.0],"to":[13.0,17.0,22.0],"faces":{"east":{"uv":[8.125,6.375,7.75,6.25],"tintindex":0,"rotation":0,"texture":"#0"},"south":{"uv":[7.625,5.875,8.25,5.75],"tintindex":0,"rotation":0,"texture":"#0"},"north":{"uv":[8.25,5.875,7.625,5.75],"tintindex":0,"rotation":0,"texture":"#0"},"west":{"uv":[8.125,6.375,7.75,6.25],"tintindex":0,"rotation":0,"texture":"#0"},"up":{"uv":[8.125,5.75,7.25,5.375],"tintindex":0,"rotation":0,"texture":"#0"},"down":{"uv":[8.125,5.75,7.25,5.375],"tintindex":0,"rotation":0,"texture":"#0"}}},{"from":[3.0,9.0,26.0],"to":[5.0,15.0,29.0],"faces":{"east":{"uv":[5.125,5.3125,5.0,5.6875],"tintindex":0,"rotation":0,"texture":"#0"},"south":{"uv":[8.125,5.375,8.25,5.75],"tintindex":0,"rotation":0,"texture":"#0"},"north":{"uv":[7.6875,5.8125,7.8125,6.1875],"tintindex":0,"rotation":0,"texture":"#0"},"west":{"uv":[7.6875,6.1875,7.875,5.8125],"tintindex":0,"rotation":0,"texture":"#0"},"up":{"uv":[5.125,5.3125,5.0,5.4375],"tintindex":0,"rotation":0,"texture":"#0"},"down":{"uv":[5.125,5.5625,5.0,5.6875],"tintindex":0,"rotation":0,"texture":"#0"}}},{"from":[3.0,15.0,26.0],"to":[13.0,17.0,29.0],"faces":{"east":{"uv":[7.5625,5.8125,7.75,5.6875],"tintindex":0,"rotation":0,"texture":"#0"},"south":{"uv":[7.625,5.875,8.25,5.75],"tintindex":0,"rotation":0,"texture":"#0"},"north":{"uv":[7.625,5.875,8.25,5.75],"tintindex":0,"rotation":0,"texture":"#0"},"west":{"uv":[7.75,5.8125,7.5625,5.6875],"tintindex":0,"rotation":0,"texture":"#0"},"up":{"uv":[7.625,5.6875,8.25,5.875],"tintindex":0,"rotation":0,"texture":"#0"},"down":{"uv":[7.625,5.625,8.25,5.8125],"tintindex":0,"rotation":0,"texture":"#0"}}},{"from":[11.0,9.0,26.0],"to":[13.0,15.0,29.0],"faces":{"east":{"uv":[7.875,6.1875,7.6875,5.8125],"tintindex":0,"rotation":0,"texture":"#0"},"south":{"uv":[8.25,5.375,8.125,5.75],"tintindex":0,"rotation":0,"texture":"#0"},"north":{"uv":[7.8125,5.375,7.6875,5.75],"tintindex":0,"rotation":0,"texture":"#0"},"west":{"uv":[5.75,5.6875,5.9375,6.0625],"tintindex":0,"rotation":0,"texture":"#0"},"up":{"uv":[5.9375,5.8125,5.75,5.6875],"tintindex":0,"rotation":0,"texture":"#0"},"down":{"uv":[5.875,5.75,6.0,5.625],"tintindex":0,"rotation":0,"texture":"#0"}}},{"from":[3.0,9.0,16.0],"to":[5.0,15.0,22.0],"faces":{"east":{"uv":[8.125,5.375,7.75,5.75],"tintindex":0,"rotation":0,"texture":"#0"},"south":{"uv":[8.125,5.375,8.25,5.75],"tintindex":0,"rotation":0,"texture":"#0"},"north":{"uv":[7.6875,5.8125,7.8125,6.1875],"tintindex":0,"rotation":0,"texture":"#0"},"west":{"uv":[7.75,5.375,8.125,5.75],"tintindex":0,"rotation":0,"texture":"#0"},"up":{"uv":[5.8125,5.3125,5.6875,5.625],"tintindex":0,"rotation":0,"texture":"#0"},"down":{"uv":[6.0,6.0,5.875,6.3125],"tintindex":0,"rotation":0,"texture":"#0"}}},{"from":[0.0,-7.0,13.0],"to":[16.0,9.0,29.0],"faces":{"east":{"uv":[1.0,5.3125,2.0,6.3125],"tintindex":0,"rotation":0,"texture":"#0"},"south":{"uv":[2.0,5.3125,3.0,6.3125],"tintindex":0,"rotation":0,"texture":"#0"},"north":{"uv":[0.0,5.3125,1.0,6.3125],"tintindex":0,"rotation":0,"texture":"#0"},"west":{"uv":[3.0,5.3125,4.0,6.3125],"tintindex":0,"rotation":0,"texture":"#0"},"up":{"uv":[5.0,6.3125,4.0,5.3125],"tintindex":0,"rotation":0,"texture":"#0"},"down":{"uv":[6.0,5.3125,5.0,6.3125],"tintindex":0,"rotation":0,"texture":"#0"}}}]}