{"credit":"Made with Blockbench","texture_size":[128,128],"textures":{"1":"decorations:outdoor/misc_2","particle":"decorations:outdoor/misc_2"},"elements":[{"from":[3,0,11],"to":[5,5,13],"faces":{"north":{"uv":[10.75,4.625,11,5.25],"texture":"#1"},"east":{"uv":[10.75,4.625,11,5.25],"texture":"#1"},"south":{"uv":[10.75,4.625,11,5.25],"texture":"#1"},"west":{"uv":[10.75,4.625,11,5.25],"texture":"#1"},"up":{"uv":[10.75,4.625,10.875,4.75],"texture":"#1"},"down":{"uv":[10.75,4.625,10.875,4.75],"texture":"#1"}}},{"from":[3,0,3],"to":[5,5,5],"faces":{"north":{"uv":[10.75,4.625,11,5.25],"texture":"#1"},"east":{"uv":[10.75,4.625,11,5.25],"texture":"#1"},"south":{"uv":[10.75,4.625,11,5.25],"texture":"#1"},"west":{"uv":[10.75,4.625,11,5.25],"texture":"#1"},"up":{"uv":[10.75,4.625,10.875,4.75],"texture":"#1"},"down":{"uv":[10.75,4.625,10.875,4.75],"texture":"#1"}}},{"from":[11,0,11],"to":[13,5,13],"faces":{"north":{"uv":[10.75,4.625,11,5.25],"texture":"#1"},"east":{"uv":[10.75,4.625,11,5.25],"texture":"#1"},"south":{"uv":[10.75,4.625,11,5.25],"texture":"#1"},"west":{"uv":[10.75,4.625,11,5.25],"texture":"#1"},"up":{"uv":[10.75,4.625,10.875,4.75],"texture":"#1"},"down":{"uv":[10.75,4.625,10.875,4.75],"texture":"#1"}}},{"from":[11,0,3],"to":[13,5,5],"faces":{"north":{"uv":[10.75,4.625,11,5.25],"texture":"#1"},"east":{"uv":[10.75,4.625,11,5.25],"texture":"#1"},"south":{"uv":[10.75,4.625,11,5.25],"texture":"#1"},"west":{"uv":[10.75,4.625,11,5.25],"texture":"#1"},"up":{"uv":[10.75,4.625,10.875,4.75],"texture":"#1"},"down":{"uv":[10.75,4.625,10.875,4.75],"texture":"#1"}}},{"from":[1,5,1],"to":[15,8,15],"faces":{"north":{"uv":[9,1.25,10.75,1.625],"texture":"#1"},"east":{"uv":[9,1.25,10.75,1.625],"texture":"#1"},"south":{"uv":[9,1.25,10.75,1.625],"texture":"#1"},"west":{"uv":[9,1.25,10.75,1.625],"texture":"#1"},"up":{"uv":[10,5.25,11.75,7],"texture":"#1"},"down":{"uv":[10,5.25,11.75,7],"texture":"#1"}}},{"from":[0.9,3.1,3],"to":[15.2,8.1,12],"faces":{"east":{"uv":[13.5,5.625,14.75,6.25],"texture":"#1"},"west":{"uv":[13.5,5.625,14.75,6.25],"texture":"#1"},"up":{"uv":[11.75,5.625,13.5,6.75],"texture":"#1"}}},{"from":[4,8,2],"to":[12,9,10],"rotation":{"angle":0,"axis":"x","origin":[8,8.5,4]},"faces":{"north":{"uv":[11.875,5.5,12.875,5.375],"texture":"#1"},"east":{"uv":[11.875,5.5,12,4.5],"rotation":90,"texture":"#1"},"south":{"uv":[11.875,4.625,12.875,4.5],"texture":"#1"},"west":{"uv":[12.75,4.5,12.875,5.5],"rotation":90,"texture":"#1"},"up":{"uv":[12.875,5.5,11.875,4.5],"texture":"#1"},"down":{"uv":[12.875,5.5,11.875,4.5],"texture":"#1"}}},{"from":[8,9,2.5],"to":[12,10,9.5],"rotation":{"angle":22.5,"axis":"z","origin":[10,9.5,6]},"faces":{"north":{"uv":[14,5.25,13.5,5.5],"texture":"#1"},"east":{"uv":[13.875,5.375,14.125,4.5],"rotation":90,"texture":"#1"},"south":{"uv":[13.5,5.25,14,5.5],"texture":"#1"},"west":{"uv":[13.875,5.25,14,4.5],"rotation":90,"texture":"#1"},"up":{"uv":[14,4.5,13.5,5.375],"texture":"#1"},"down":{"uv":[14.5,4.5,14,5.375],"texture":"#1"}}},{"from":[4,9,2.5],"to":[8,10,9.5],"rotation":{"angle":-22.5,"axis":"z","origin":[6,9.5,6]},"faces":{"north":{"uv":[13.5,5.25,14,5.5],"texture":"#1"},"east":{"uv":[13.875,4.5,14,5.25],"rotation":90,"texture":"#1"},"south":{"uv":[14,5.25,13.5,5.5],"texture":"#1"},"west":{"uv":[13.875,4.5,14.125,5.375],"rotation":90,"texture":"#1"},"up":{"uv":[13.5,4.5,14,5.375],"texture":"#1"},"down":{"uv":[14,4.5,14.5,5.375],"texture":"#1"}}},{"from":[4,10.1,2.5],"to":[8,10.1,9.5],"rotation":{"angle":-22.5,"axis":"z","origin":[6,9.5,6]},"faces":{"north":{"uv":[13.5,5.375,14,5.5],"texture":"#1"},"east":{"uv":[13.875,4.5,14,5.25],"rotation":90,"texture":"#1"},"south":{"uv":[13.5,4.5,14,4.625],"texture":"#1"},"west":{"uv":[13.875,4.5,14,5.25],"rotation":90,"texture":"#1"},"up":{"uv":[13,4.5,13.5,5.375],"texture":"#1"},"down":{"uv":[13,5.375,13.5,4.5],"texture":"#1"}}},{"from":[8,10.1,2.5],"to":[12,10.1,9.5],"rotation":{"angle":22.5,"axis":"z","origin":[10,9.5,6]},"faces":{"north":{"uv":[14,5.375,13.5,5.5],"texture":"#1"},"east":{"uv":[13.875,5.25,14,4.5],"rotation":90,"texture":"#1"},"south":{"uv":[14,4.5,13.5,4.625],"texture":"#1"},"west":{"uv":[13.875,5.25,14,4.5],"rotation":90,"texture":"#1"},"up":{"uv":[15,4.5,14.5,5.375],"texture":"#1"},"down":{"uv":[15,5.375,14.5,4.5],"texture":"#1"}}},{"from":[12,8,12],"to":[14,10,14],"faces":{"north":{"uv":[10.75,4.625,11,4.875],"texture":"#1"},"east":{"uv":[10.75,4.625,11,4.875],"texture":"#1"},"south":{"uv":[10.75,4.625,11,4.875],"texture":"#1"},"west":{"uv":[10.75,4.625,11,4.875],"texture":"#1"},"up":{"uv":[10.75,4.625,11,4.875],"texture":"#1"},"down":{"uv":[10.75,4.625,11,4.875],"texture":"#1"}}},{"from":[3,8,12],"to":[5,10,14],"faces":{"north":{"uv":[10.75,4.625,11,4.875],"texture":"#1"},"east":{"uv":[10.75,4.625,11,4.875],"texture":"#1"},"south":{"uv":[10.75,4.625,11,4.875],"texture":"#1"},"west":{"uv":[10.75,4.625,11,4.875],"texture":"#1"},"up":{"uv":[10.75,4.625,11,4.875],"texture":"#1"},"down":{"uv":[10.75,4.625,11,4.875],"texture":"#1"}}},{"from":[1,10,11],"to":[15,11,15],"faces":{"north":{"uv":[10,6.125,11.75,6.25],"texture":"#1"},"east":{"uv":[10,5.75,10.125,6.25],"rotation":90,"texture":"#1"},"south":{"uv":[10,5.75,11.75,5.875],"texture":"#1"},"west":{"uv":[11.625,6.25,11.75,5.75],"rotation":90,"texture":"#1"},"up":{"uv":[10,5.75,11.75,6.25],"texture":"#1"},"down":{"uv":[10,5.75,11.75,6.25],"texture":"#1"}}},{"from":[11,11,12],"to":[13,12,14],"faces":{"north":{"uv":[15.125,5.25,15.375,5.375],"texture":"#1"},"east":{"uv":[15.125,5.25,15.375,5.375],"texture":"#1"},"south":{"uv":[15.125,5.25,15.375,5.375],"texture":"#1"},"west":{"uv":[15.125,5.25,15.375,5.375],"texture":"#1"},"up":{"uv":[15.125,5.125,15.375,5.375],"texture":"#1"},"down":{"uv":[15.125,5.125,15.375,5.375],"texture":"#1"}}},{"from":[4,11,12],"to":[6,12,14],"faces":{"north":{"uv":[15.5,5.25,15.75,5.375],"texture":"#1"},"east":{"uv":[15.5,5.25,15.75,5.375],"texture":"#1"},"south":{"uv":[15.5,5.25,15.75,5.375],"texture":"#1"},"west":{"uv":[15.5,5.25,15.75,5.375],"texture":"#1"},"up":{"uv":[15.5,5.25,15.75,5.375],"texture":"#1"},"down":{"uv":[15.5,5.25,15.75,5.375],"texture":"#1"}}},{"from":[4,14,12],"to":[6,15,14],"faces":{"north":{"uv":[15.625,4.875,15.875,5],"texture":"#1"},"east":{"uv":[15.625,4.875,15.875,5],"texture":"#1"},"south":{"uv":[15.625,4.875,15.875,5],"texture":"#1"},"west":{"uv":[15.625,4.875,15.875,5],"texture":"#1"},"up":{"uv":[15.625,4.75,15.875,5],"texture":"#1"},"down":{"uv":[15.625,4.75,15.875,5],"texture":"#1"}}},{"from":[3.5,12,11.5],"to":[6.5,14,14.5],"faces":{"north":{"uv":[15.5,5,15.875,5.25],"texture":"#1"},"east":{"uv":[0,0,0.375,0.25],"texture":"#1"},"south":{"uv":[0,0,0.375,0.25],"texture":"#1"},"west":{"uv":[0,0,0.375,0.25],"texture":"#1"},"up":{"uv":[0,0,0.375,0.375],"texture":"#1"},"down":{"uv":[0,0,0.375,0.375],"texture":"#1"}}},{"from":[3.5,12,11.5],"to":[6.5,14,14.5],"faces":{"north":{"uv":[15.5,5,15.875,5.25],"texture":"#1"},"east":{"uv":[15.5,5,15.875,5.25],"texture":"#1"},"south":{"uv":[15.5,5,15.875,5.25],"texture":"#1"},"west":{"uv":[15.5,5,15.875,5.25],"texture":"#1"},"up":{"uv":[15.5,4.625,15.875,5],"texture":"#1"},"down":{"uv":[0,0,0.375,0.375],"texture":"#1"}}},{"from":[4,11,12],"to":[6,12,14],"faces":{"north":{"uv":[15.5,5.25,15.75,5.375],"texture":"#1"},"east":{"uv":[0,0,0.25,0.125],"texture":"#1"},"south":{"uv":[0,0,0.25,0.125],"texture":"#1"},"west":{"uv":[0,0,0.25,0.125],"texture":"#1"},"up":{"uv":[0,0,0.25,0.25],"texture":"#1"},"down":{"uv":[0,0,0.25,0.25],"texture":"#1"}}},{"from":[11.5,12,12.5],"to":[12.5,15,13.5],"faces":{"north":{"uv":[15.25,4.75,15.375,5.125],"texture":"#1"},"east":{"uv":[15.25,4.75,15.375,5.125],"texture":"#1"},"south":{"uv":[15.25,4.75,15.375,5.125],"texture":"#1"},"west":{"uv":[15.25,4.75,15.375,5.125],"texture":"#1"},"up":{"uv":[15.25,4.75,15.375,4.875],"texture":"#1"},"down":{"uv":[15.25,5.125,15.375,5.25],"texture":"#1"}}},{"from":[4.5,15,12.5],"to":[5.5,16,13.5],"faces":{"north":{"uv":[15.5,4.625,15.625,4.75],"texture":"#1"},"east":{"uv":[15.5,4.625,15.625,4.75],"texture":"#1"},"south":{"uv":[15.5,4.625,15.625,4.75],"texture":"#1"},"west":{"uv":[15.5,4.625,15.625,4.75],"texture":"#1"},"up":{"uv":[15.5,4.625,15.625,4.75],"texture":"#1"},"down":{"uv":[15.5,4.625,15.625,4.75],"texture":"#1"}}},{"from":[4,14,12],"to":[6,15,14],"faces":{"north":{"uv":[15.625,4.875,15.875,5],"texture":"#1"},"east":{"uv":[15.625,4.875,15.875,5],"texture":"#1"},"south":{"uv":[15.625,4.875,15.875,5],"texture":"#1"},"west":{"uv":[15.625,4.875,15.875,5],"texture":"#1"},"up":{"uv":[15.625,4.75,15.875,5],"texture":"#1"},"down":{"uv":[0,0,0.25,0.25],"texture":"#1"}}},{"from":[4,16,12],"to":[6,17,14],"faces":{"north":{"uv":[15.625,4.375,15.875,4.5],"texture":"#1"},"east":{"uv":[15.625,4.375,15.875,4.5],"texture":"#1"},"south":{"uv":[15.625,4.375,15.875,4.5],"texture":"#1"},"west":{"uv":[15.625,4.375,15.875,4.5],"texture":"#1"},"up":{"uv":[15.625,4.25,15.875,4.5],"texture":"#1"},"down":{"uv":[15.625,4.25,15.875,4.5],"texture":"#1"}}},{"from":[11.5,15,13],"to":[12.5,17,13],"faces":{"north":{"uv":[15.25,4.5,15.375,4.75],"texture":"#1"},"east":{"uv":[0,0,0,0.25],"texture":"#missing"},"south":{"uv":[15.25,4.5,15.375,4.75],"texture":"#1"},"west":{"uv":[0,0,0,0.25],"texture":"#missing"},"up":{"uv":[0,0,0.125,0],"texture":"#missing"},"down":{"uv":[0,0,0.125,0],"texture":"#missing"}}},{"name":"cube inverted","from":[15.2,8.1,12],"to":[0.9,3.1,3],"faces":{"east":{"uv":[13.5,6.25,14.75,5.625],"texture":"#1"},"west":{"uv":[13.5,6.25,14.75,5.625],"texture":"#1"},"down":{"uv":[13.5,5.625,11.75,6.75],"texture":"#1"}}}],"display":{"thirdperson_righthand":{"rotation":[0,35,0],"translation":[0,1.25,0],"scale":[0.2,0.2,0.2]},"thirdperson_lefthand":{"rotation":[0,35,0],"translation":[0,1.25,0],"scale":[0.2,0.2,0.2]},"firstperson_righthand":{"rotation":[-12,12,0],"translation":[19,-2.75,-11.25]},"firstperson_lefthand":{"rotation":[-12,12,0],"translation":[19,-2.75,-11.25]},"ground":{"translation":[0,6.75,0],"scale":[0.4,0.4,0.4]},"gui":{"rotation":[30,135,0],"translation":[0,1,0],"scale":[0.7,0.7,0.7]},"head":{"translation":[0,5.5,0]},"fixed":{"rotation":[-90,0,0],"translation":[0,0,-24],"scale":[3,3,3]}}}