{"credit":"Made with Blockbench","texture_size":[128,128],"textures":{"0":"decorations:outdoor/misc_4","particle":"decorations:outdoor/misc_4"},"elements":[{"from":[0,0,-4],"to":[16,0,16],"faces":{"north":{"uv":[0,0,0.125,0.125],"texture":"#missing","tintindex":0},"east":{"uv":[0,0,0.125,0.125],"texture":"#missing","tintindex":0},"south":{"uv":[0,0,0.125,0.125],"texture":"#missing","tintindex":0},"west":{"uv":[0,0,0.125,0.125],"texture":"#missing","tintindex":0},"up":{"uv":[2.125,7.75,0.125,5.25],"texture":"#0","tintindex":0},"down":{"uv":[0.125,5.25,2.125,7.75],"texture":"#0","tintindex":0}}},{"from":[0,-0.1,-4],"to":[16,-0.1,16],"faces":{"north":{"uv":[0,0,0.125,0.125],"texture":"#missing","tintindex":0},"east":{"uv":[0,0,0.125,0.125],"texture":"#missing","tintindex":0},"south":{"uv":[0,0,0.125,0.125],"texture":"#missing","tintindex":0},"west":{"uv":[0,0,0.125,0.125],"texture":"#missing","tintindex":0},"up":{"uv":[2.125,7.75,0.125,5.25],"texture":"#0","tintindex":0},"down":{"uv":[8.25,0.875,10.25,3.375],"texture":"#0","tintindex":0}}},{"from":[0,-7,-4],"to":[16,0,-4],"faces":{"north":{"uv":[0.125,7.875,2.125,8.75],"texture":"#0"},"east":{"uv":[0,0,0.125,0.125],"texture":"#missing"},"south":{"uv":[2.125,7.875,0.125,8.75],"texture":"#0"},"west":{"uv":[0,0,0.125,0.125],"texture":"#missing"},"up":{"uv":[0,0,0.125,0.125],"texture":"#missing"},"down":{"uv":[0,0,0.125,0.125],"texture":"#missing"}}},{"from":[-16,0,-4],"to":[0,0,16],"faces":{"north":{"uv":[0,0,0.125,0.125],"texture":"#missing","tintindex":0},"east":{"uv":[0,0,0.125,0.125],"texture":"#missing","tintindex":0},"south":{"uv":[0,0,0.125,0.125],"texture":"#missing","tintindex":0},"west":{"uv":[0,0,0.125,0.125],"texture":"#missing","tintindex":0},"up":{"uv":[2.125,7.75,0.125,5.25],"texture":"#0","tintindex":0},"down":{"uv":[0.125,5.25,2.125,7.75],"texture":"#0","tintindex":0}}},{"from":[-16,-7,-4],"to":[0,0,-4],"faces":{"north":{"uv":[0.125,7.875,2.125,8.75],"texture":"#0"},"east":{"uv":[0,0,0.125,0.125],"texture":"#missing"},"south":{"uv":[2.125,7.875,0.125,8.75],"texture":"#0"},"west":{"uv":[0,0,0.125,0.125],"texture":"#missing"},"up":{"uv":[0,0,0.125,0.125],"texture":"#missing"},"down":{"uv":[0,0,0.125,0.125],"texture":"#missing"}}},{"from":[-16,-0.1,-4],"to":[0,-0.1,16],"faces":{"north":{"uv":[0,0,0.125,0.125],"texture":"#missing","tintindex":0},"east":{"uv":[0,0,0.125,0.125],"texture":"#missing","tintindex":0},"south":{"uv":[0,0,0.125,0.125],"texture":"#missing","tintindex":0},"west":{"uv":[0,0,0.125,0.125],"texture":"#missing","tintindex":0},"up":{"uv":[2.125,7.75,0.125,5.25],"texture":"#0","tintindex":0},"down":{"uv":[8.25,0.875,10.25,3.375],"texture":"#0","tintindex":0}}},{"from":[16,0,-4],"to":[32,0,16],"faces":{"north":{"uv":[0,0,0.125,0.125],"texture":"#missing","tintindex":0},"east":{"uv":[0,0,0.125,0.125],"texture":"#missing","tintindex":0},"south":{"uv":[0,0,0.125,0.125],"texture":"#missing","tintindex":0},"west":{"uv":[0,0,0.125,0.125],"texture":"#missing","tintindex":0},"up":{"uv":[2.125,7.75,0.125,5.25],"texture":"#0","tintindex":0},"down":{"uv":[0.125,5.25,2.125,7.75],"texture":"#0","tintindex":0}}},{"from":[16,-7,-4],"to":[32,0,-4],"faces":{"north":{"uv":[0.125,7.875,2.125,8.75],"texture":"#0"},"east":{"uv":[0,0,0.125,0.125],"texture":"#missing"},"south":{"uv":[2.125,7.875,0.125,8.75],"texture":"#0"},"west":{"uv":[0,0,0.125,0.125],"texture":"#missing"},"up":{"uv":[0,0,0.125,0.125],"texture":"#missing"},"down":{"uv":[0,0,0.125,0.125],"texture":"#missing"}}},{"from":[16,-0.1,-4],"to":[32,-0.1,16],"faces":{"north":{"uv":[0,0,0.125,0.125],"texture":"#missing","tintindex":0},"east":{"uv":[0,0,0.125,0.125],"texture":"#missing","tintindex":0},"south":{"uv":[0,0,0.125,0.125],"texture":"#missing","tintindex":0},"west":{"uv":[0,0,0.125,0.125],"texture":"#missing","tintindex":0},"up":{"uv":[2.125,7.75,0.125,5.25],"texture":"#0","tintindex":0},"down":{"uv":[8.25,0.875,10.25,3.375],"texture":"#0","tintindex":0}}}],"display":{"thirdperson_righthand":{"rotation":[63,34,0],"translation":[1,1,-1],"scale":[0.22656,0.22656,0.22656]},"thirdperson_lefthand":{"rotation":[63,34,0],"translation":[-1.75,-1,-1],"scale":[0.22656,0.22656,0.22656]},"firstperson_righthand":{"rotation":[3,112,-13],"translation":[9.5,0,-5.75],"scale":[0.27734,0.27734,0.27734]},"firstperson_lefthand":{"rotation":[3,112,-13],"translation":[12,0,-5.25],"scale":[0.27734,0.27734,0.27734]},"ground":{"translation":[0,-0.25,0],"scale":[0.21289,0.21289,0.21289]},"gui":{"rotation":[30,-127,0],"translation":[-0.5,2.25,0],"scale":[0.3,0.3,0.3]},"head":{"translation":[0,-30.5,0],"scale":[1.6,1.6,1.6]},"fixed":{"rotation":[-90,0,0],"translation":[0,0,-16.1],"scale":[2,2,2]}}}