{"credit":"Made with Blockbench","texture_size":[128,128],"textures":{"0":"decorations:outdoor/misc_4","particle":"decorations:outdoor/misc_4"},"elements":[{"from":[0,0.51472,6.17157],"to":[16,15.76472,8.17157],"rotation":{"angle":45,"axis":"x","origin":[8,4.51472,10.17157]},"faces":{"north":{"uv":[0.125,12.25,2.125,14.15625],"texture":"#0","tintindex":0},"east":{"uv":[2.25,14.625,4.15625,14.375],"rotation":90,"texture":"#0","tintindex":0},"south":{"uv":[2.125,12.25,0.125,14.15625],"texture":"#0","tintindex":0},"west":{"uv":[2.25,14.375,4.15625,14.625],"rotation":90,"texture":"#0","tintindex":0},"up":{"uv":[2.125,12.25,0.125,12.5],"texture":"#0","tintindex":0},"down":{"uv":[2.125,14,0.125,14.25],"texture":"#0","tintindex":0}}},{"from":[0,0.21769,-3.02818],"to":[16,2.21769,5.72182],"rotation":{"angle":-22.5,"axis":"x","origin":[8,2.21769,-1.02818]},"faces":{"north":{"uv":[0.125,14.1125,2.125,14.2375],"texture":"#0","tintindex":0},"east":{"uv":[2.25,14.75,2.5,15.84375],"rotation":90,"texture":"#0","tintindex":0},"south":{"uv":[2.125,14.1125,0.125,14.2375],"texture":"#0","tintindex":0},"west":{"uv":[2.25,15.84375,2.5,14.75],"rotation":90,"texture":"#0","tintindex":0},"up":{"uv":[2.125,14.25,0.125,15.375],"texture":"#0","tintindex":0},"down":{"uv":[2.125,14.25,0.125,15.375],"texture":"#0","tintindex":0}}},{"from":[0,-3.54675,-2.87632],"to":[16,1.45325,-2.87632],"rotation":{"angle":0,"axis":"y","origin":[0,-14.54675,-2.87632]},"faces":{"north":{"uv":[0.125,15.375,2.125,16],"texture":"#0","tintindex":0},"east":{"uv":[4.5,12.75,4.625,12.875],"texture":"#0","tintindex":0},"south":{"uv":[2.125,15.375,0.125,16],"texture":"#0","tintindex":0},"west":{"uv":[4.5,12.75,4.625,12.875],"texture":"#0","tintindex":0},"up":{"uv":[4.5,12.75,4.625,12.875],"texture":"#0","tintindex":0},"down":{"uv":[4.5,12.75,4.625,12.875],"texture":"#0","tintindex":0}}},{"from":[0,-0.54675,-2.87632],"to":[16,-0.54675,15.87368],"rotation":{"angle":0,"axis":"y","origin":[0,-14.54675,13.12368]},"faces":{"north":{"uv":[8.5,3,10.5,3.625],"texture":"#0"},"east":{"uv":[6.375,0.5,6.5,0.625],"texture":"#0"},"south":{"uv":[10.5,3,8.5,3.625],"texture":"#0"},"west":{"uv":[6.375,0.5,6.5,0.625],"texture":"#0"},"up":{"uv":[8.25,3.375,10.25,1],"texture":"#0"},"down":{"uv":[8.25,1,10.25,3.375],"texture":"#0"}}}],"display":{"thirdperson_righthand":{"rotation":[63,34,0],"translation":[1,1,-1],"scale":[0.22656,0.22656,0.22656]},"thirdperson_lefthand":{"rotation":[63,34,0],"translation":[-1.75,-1,-1],"scale":[0.22656,0.22656,0.22656]},"firstperson_righthand":{"rotation":[3,112,-13],"translation":[9.5,0,-5.75],"scale":[0.27734,0.27734,0.27734]},"firstperson_lefthand":{"rotation":[3,112,-13],"translation":[12,0,-5.25],"scale":[0.27734,0.27734,0.27734]},"ground":{"translation":[0,-0.25,0],"scale":[0.21289,0.21289,0.21289]},"gui":{"rotation":[30,-123,0],"translation":[-0.25,0.25,0],"scale":[0.4,0.4,0.4]},"head":{"translation":[0,-30.5,0],"scale":[1.6,1.6,1.6]},"fixed":{"rotation":[-90,0,0],"translation":[0,0,-16],"scale":[2,2,2]}}}