{"credit":"Made with Blockbench","texture_size":[64,64],"textures":{"0":"decorations:construction/construction","particle":"decorations:construction/construction"},"elements":[{"from":[2,6,1],"to":[30,8,4],"faces":{"north":{"uv":[9,2.5,12.5,2.75],"texture":"#0"},"east":{"uv":[9.125,2.125,9.25,2.25],"texture":"#0"},"south":{"uv":[9,2.5,12.5,2.75],"texture":"#0"},"west":{"uv":[9.125,2.125,9.25,2.25],"texture":"#0"},"up":{"uv":[9,2.5,12.5,2.875],"texture":"#0"},"down":{"uv":[9,2.5,12.5,2.875],"texture":"#0"}}},{"from":[2,6,5],"to":[30,8,8],"faces":{"north":{"uv":[9,2.5,12.5,2.75],"texture":"#0"},"east":{"uv":[9.125,2.125,9.25,2.25],"texture":"#0"},"south":{"uv":[9,2.5,12.5,2.75],"texture":"#0"},"west":{"uv":[9.125,2.125,9.25,2.25],"texture":"#0"},"up":{"uv":[9,2.5,12.5,2.875],"texture":"#0"},"down":{"uv":[9,2.5,12.5,2.875],"texture":"#0"}}},{"from":[2,6,9],"to":[30,8,12],"faces":{"north":{"uv":[9,2.5,12.5,2.75],"texture":"#0"},"east":{"uv":[9.125,2.125,9.25,2.25],"texture":"#0"},"south":{"uv":[9,2.5,12.5,2.75],"texture":"#0"},"west":{"uv":[9.125,2.125,9.25,2.25],"texture":"#0"},"up":{"uv":[9,2.5,12.5,2.875],"texture":"#0"},"down":{"uv":[9,2.5,12.5,2.875],"texture":"#0"}}},{"from":[3,9.1,13],"to":[29,18.1,16],"faces":{"north":{"uv":[9.5,1,13,2.125],"texture":"#0"},"east":{"uv":[9.125,2.125,9.25,2.25],"texture":"#0"},"south":{"uv":[9.5,1,13,2.125],"texture":"#0"},"west":{"uv":[9.125,2.125,9.25,2.25],"texture":"#0"},"up":{"uv":[9,2.5,12.25,2.875],"texture":"#0"},"down":{"uv":[9,2.5,12.25,2.875],"texture":"#0"}}},{"from":[30,10,3],"to":[32,13,13],"rotation":{"angle":0,"axis":"z","origin":[16,0,0]},"faces":{"north":{"uv":[12,10.75,12.5,11.5],"texture":"#0"},"east":{"uv":[14,4.625,15.25,5],"texture":"#0"},"south":{"uv":[12,11.5,12.5,12.25],"texture":"#0"},"west":{"uv":[15.25,4.625,14,5],"texture":"#0"},"up":{"uv":[15.25,4.5,14,4.25],"rotation":90,"texture":"#0"},"down":{"uv":[15.25,4.5,14,4.25],"rotation":90,"texture":"#0"}}},{"from":[30,5,3],"to":[32,8,13],"rotation":{"angle":0,"axis":"z","origin":[16,0,0]},"faces":{"north":{"uv":[12,10.75,12.5,11.5],"texture":"#0"},"east":{"uv":[14,4.625,15.25,5],"texture":"#0"},"south":{"uv":[12,11.5,12.5,12.25],"texture":"#0"},"west":{"uv":[15.25,4.625,14,5],"texture":"#0"},"up":{"uv":[15.25,4.5,14,4.25],"rotation":90,"texture":"#0"},"down":{"uv":[15.25,4.5,14,4.25],"rotation":90,"texture":"#0"}}},{"from":[0,5,3],"to":[2,8,13],"rotation":{"angle":0,"axis":"z","origin":[16,0,0]},"faces":{"north":{"uv":[12,10.75,12.5,11.5],"texture":"#0"},"east":{"uv":[14,4.625,15.25,5],"texture":"#0"},"south":{"uv":[12,11.5,12.5,12.25],"texture":"#0"},"west":{"uv":[15.25,4.625,14,5],"texture":"#0"},"up":{"uv":[15.25,4.5,14,4.25],"rotation":90,"texture":"#0"},"down":{"uv":[15.25,4.5,14,4.25],"rotation":90,"texture":"#0"}}},{"from":[0,10,3],"to":[2,13,13],"rotation":{"angle":0,"axis":"z","origin":[16,0,0]},"faces":{"north":{"uv":[12,10.75,12.5,11.5],"texture":"#0"},"east":{"uv":[14,4.625,15.25,5],"texture":"#0"},"south":{"uv":[12,11.5,12.5,12.25],"texture":"#0"},"west":{"uv":[15.25,4.625,14,5],"texture":"#0"},"up":{"uv":[15.25,4.5,14,4.25],"rotation":90,"texture":"#0"},"down":{"uv":[15.25,4.5,14,4.25],"rotation":90,"texture":"#0"}}},{"from":[30,0,0],"to":[32,13,3],"rotation":{"angle":0,"axis":"y","origin":[16,0,0]},"faces":{"north":{"uv":[14.25,2.5,14,4.125],"texture":"#0"},"east":{"uv":[14,2.5,14.375,4.125],"texture":"#0"},"south":{"uv":[14,2.5,14.375,4.125],"texture":"#0"},"west":{"uv":[14.375,2.5,14,4.125],"texture":"#0"},"up":{"uv":[14.5,2.5,14.75,2.875],"texture":"#0"},"down":{"uv":[14.5,2.5,14.75,2.875],"texture":"#0"}}},{"from":[0,0,0],"to":[2,13,3],"rotation":{"angle":0,"axis":"y","origin":[16,0,0]},"faces":{"north":{"uv":[14,2.5,14.25,4.125],"texture":"#0"},"east":{"uv":[14,2.5,14.375,4.125],"texture":"#0"},"south":{"uv":[14,2.5,14.375,4.125],"texture":"#0"},"west":{"uv":[14.375,2.5,14,4.125],"texture":"#0"},"up":{"uv":[14.5,2.5,14.75,2.875],"texture":"#0"},"down":{"uv":[14.5,2.5,14.75,2.875],"texture":"#0"}}},{"from":[29,0,13],"to":[32,19,16],"rotation":{"angle":0,"axis":"y","origin":[16,0,0]},"faces":{"north":{"uv":[13.5,2.625,13.875,5],"texture":"#0"},"east":{"uv":[13.375,2.625,13,5],"texture":"#0"},"south":{"uv":[13.5,2.625,13.875,5],"texture":"#0"},"west":{"uv":[13,2.625,13.375,5],"texture":"#0"},"up":{"uv":[13,2.5,12.625,2.875],"texture":"#0"},"down":{"uv":[13,2.5,12.625,2.875],"texture":"#0"}}},{"from":[0,0,13],"to":[3,19,16],"rotation":{"angle":0,"axis":"y","origin":[16,0,0]},"faces":{"north":{"uv":[13.875,2.625,13.5,5],"texture":"#0"},"east":{"uv":[13.375,2.625,13,5],"texture":"#0"},"south":{"uv":[13.875,2.625,13.5,5],"texture":"#0"},"west":{"uv":[13,2.625,13.375,5],"texture":"#0"},"up":{"uv":[13,2.5,12.625,2.875],"texture":"#0"},"down":{"uv":[13,2.5,12.625,2.875],"texture":"#0"}}}],"display":{"thirdperson_righthand":{"rotation":[60,-160,0],"translation":[2.5,3.25,0.25],"scale":[0.22109,0.22109,0.22109]},"thirdperson_lefthand":{"rotation":[60,-160,0],"translation":[2.5,3.25,0.25],"scale":[0.22109,0.22109,0.22109]},"firstperson_righthand":{"rotation":[0,-40,6],"translation":[1.25,1,0],"scale":[0.10899,0.10899,0.10899]},"firstperson_lefthand":{"rotation":[0,-40,6],"translation":[3.25,1,0],"scale":[0.10899,0.10899,0.10899]},"ground":{"translation":[-2.25,1.5,0],"scale":[0.35,0.35,0.35]},"gui":{"rotation":[30,-40,0],"translation":[-2.75,0.5,0],"scale":[0.41094,0.41094,0.41094]},"head":{"translation":[0,-30.4,0],"scale":[1.6,1.6,1.6]},"fixed":{"rotation":[-90,0,0],"translation":[0,0,-15],"scale":[2,2,2]}}}