{"credit":"Made with Blockbench","parent":"block/block","texture_size":[64,64],"textures":{"1":"decorations:outdoor/misc_2"},"elements":[{"from":[3,12,3],"to":[13,14,13],"faces":{"north":{"uv":[11.75,2.125,13,2.375],"texture":"#1","tintindex":0},"east":{"uv":[11.75,2.125,13,2.375],"texture":"#1","tintindex":0},"south":{"uv":[11.75,2.125,13,2.375],"texture":"#1","tintindex":0},"west":{"uv":[11.75,2.125,13,2.375],"texture":"#1","tintindex":0},"up":{"uv":[14.375,3.375,13.125,2.125],"texture":"#1","tintindex":0},"down":{"uv":[15.75,2.125,14.5,3.25],"texture":"#1","tintindex":0}}},{"from":[3,0,3],"to":[13,2,13],"faces":{"north":{"uv":[11.75,2.125,13,2.375],"texture":"#1","tintindex":0},"east":{"uv":[11.75,2.125,13,2.375],"texture":"#1","tintindex":0},"south":{"uv":[11.75,2.125,13,2.375],"texture":"#1","tintindex":0},"west":{"uv":[11.75,2.125,13,2.375],"texture":"#1","tintindex":0},"up":{"uv":[14.375,3.375,13.125,2.125],"texture":"#1","tintindex":0},"down":{"uv":[15.75,2.125,14.5,3.25],"texture":"#1","tintindex":0}}},{"from":[4,2,4],"to":[12,17,12],"faces":{"north":{"uv":[9.5,2.125,10.5,3.875],"texture":"#1","tintindex":0},"east":{"uv":[9.5,2.125,10.5,3.875],"texture":"#1","tintindex":0},"south":{"uv":[9.5,2.125,10.5,3.875],"texture":"#1","tintindex":0},"west":{"uv":[9.5,2.125,10.5,3.875],"texture":"#1","tintindex":0},"up":{"uv":[11.625,3.125,10.625,2.125],"texture":"#1","tintindex":0},"down":{"uv":[11.625,3.125,10.625,2.125],"texture":"#1","tintindex":0}}},{"from":[6.5,17,6.5],"to":[9.5,18,9.5],"rotation":{"angle":0,"axis":"y","origin":[-0.5,0,-0.5]},"faces":{"north":{"uv":[13.5,3.75,13.125,3.875],"texture":"#1","tintindex":0},"east":{"uv":[13.5,3.75,13.125,3.875],"texture":"#1","tintindex":0},"south":{"uv":[13.5,3.75,13.125,3.875],"texture":"#1","tintindex":0},"west":{"uv":[13.5,3.75,13.125,3.875],"texture":"#1","tintindex":0},"up":{"uv":[13.5,3.5,13.125,3.875],"texture":"#1","tintindex":0},"down":{"uv":[13.5,3.5,13.125,3.875],"texture":"#1","tintindex":0}}},{"from":[6,6,0.5],"to":[10,10,4.5],"rotation":{"angle":0,"axis":"y","origin":[-1,0,-0.5]},"faces":{"north":{"uv":[12.5,3.375,12.875,3],"texture":"#1","tintindex":0},"east":{"uv":[12.875,2.875,12.375,2.375],"rotation":90,"texture":"#1","tintindex":0},"south":{"uv":[12.5,3.375,12.875,3],"texture":"#1","tintindex":0},"west":{"uv":[12.875,2.375,12.375,2.875],"rotation":90,"texture":"#1","tintindex":0},"up":{"uv":[12.5,3.5,12,3],"texture":"#1","tintindex":0},"down":{"uv":[12.5,3.5,12,4],"texture":"#1","tintindex":0}}},{"from":[7,7,-0.5],"to":[9,9,0.5],"rotation":{"angle":0,"axis":"y","origin":[-1,0,-0.5]},"faces":{"north":{"uv":[12.5,3.5,12.75,3.75],"texture":"#1","tintindex":0},"east":{"uv":[14.625,3.5,14.5,3.75],"texture":"#1","tintindex":0},"south":{"uv":[12.5,3.375,12.875,3],"texture":"#1","tintindex":0},"west":{"uv":[14.625,3.5,14.5,3.75],"texture":"#1","tintindex":0},"up":{"uv":[12.75,3.125,12.875,3.375],"rotation":90,"texture":"#1","tintindex":0},"down":{"uv":[12.5,3.625,12.625,3.75],"texture":"#1","tintindex":0}}},{"from":[6.5,6.5,11.5],"to":[9.5,9.5,14.5],"rotation":{"angle":0,"axis":"y","origin":[8,8,2.5]},"faces":{"north":{"uv":[13.125,3.5,13.5,3.875],"texture":"#1","tintindex":0},"east":{"uv":[15,3.875,14.625,3.5],"rotation":180,"texture":"#1","tintindex":0},"south":{"uv":[12.5,3,12.875,3.375],"texture":"#1","tintindex":0},"west":{"uv":[14.625,3.875,15,3.5],"rotation":180,"texture":"#1","tintindex":0},"up":{"uv":[14,3.5,13.625,3.875],"rotation":90,"texture":"#1","tintindex":0},"down":{"uv":[15.25,3.5,14.875,3.875],"rotation":90,"texture":"#1","tintindex":0}}},{"from":[11.5,6.5,6.5],"to":[14.5,9.5,9.5],"rotation":{"angle":0,"axis":"y","origin":[14,8,8]},"faces":{"north":{"uv":[15,3.875,14.625,3.5],"rotation":180,"texture":"#1","tintindex":0},"east":{"uv":[12.5,3,12.875,3.375],"texture":"#1","tintindex":0},"south":{"uv":[14.625,3.875,15,3.5],"rotation":180,"texture":"#1","tintindex":0},"west":{"uv":[13.125,3.5,13.5,3.875],"texture":"#1","tintindex":0},"up":{"uv":[14,3.5,13.625,3.875],"texture":"#1","tintindex":0},"down":{"uv":[15.25,3.5,14.875,3.875],"rotation":180,"texture":"#1","tintindex":0}}},{"from":[0.2,-0.4,-0.6],"to":[16.2,15.6,-0.6],"rotation":{"angle":0,"axis":"y","origin":[14.5,8.5,7.5]},"faces":{"north":{"uv":[4,0,0,4],"texture":"#1","tintindex":0},"east":{"uv":[14.625,3.875,15,3.5],"rotation":180,"texture":"#1","tintindex":0},"south":{"uv":[0,0,4,4],"texture":"#1","tintindex":0},"west":{"uv":[15,3.875,14.625,3.5],"rotation":180,"texture":"#1","tintindex":0},"up":{"uv":[14,3.5,13.625,3.875],"rotation":270,"texture":"#1","tintindex":0},"down":{"uv":[15.25,3.5,14.875,3.875],"rotation":270,"texture":"#1","tintindex":0}}},{"from":[8,-0.4,-8.8],"to":[8,15.6,7.2],"rotation":{"angle":0,"axis":"y","origin":[8.5,8.5,-0.6]},"faces":{"north":{"uv":[14.625,3.875,15,3.5],"rotation":180,"texture":"#1","tintindex":0},"east":{"uv":[0,0,4,4],"texture":"#1","tintindex":0},"south":{"uv":[15,3.875,14.625,3.5],"rotation":180,"texture":"#1","tintindex":0},"west":{"uv":[4,0,0,4],"texture":"#1","tintindex":0},"up":{"uv":[14,3.5,13.625,3.875],"rotation":180,"texture":"#1","tintindex":0},"down":{"uv":[15.25,3.5,14.875,3.875],"texture":"#1","tintindex":0}}}],"display":{"thirdperson_righthand":{"rotation":[63,34,0],"translation":[0,1,-1],"scale":[0.37891,0.37891,0.37891]},"thirdperson_lefthand":{"rotation":[63,34,0],"translation":[0,1,-1],"scale":[0.37891,0.37891,0.37891]},"firstperson_righthand":{"rotation":[3,112,-13],"translation":[9.5,0,-5.75],"scale":[0.35547,0.35547,0.35547]},"firstperson_lefthand":{"rotation":[3,112,-13],"translation":[9.5,0,-5.75],"scale":[0.35547,0.35547,0.35547]},"ground":{"translation":[0,4.25,0],"scale":[0.28906,0.28906,0.28906]},"gui":{"rotation":[-155.47,-35.06,-179.51],"translation":[-0.25,0.25,0],"scale":[0.75351,0.75351,0.75351]},"head":{"translation":[0,-30.5,0],"scale":[1.6,1.6,1.6]},"fixed":{"rotation":[-90,0,0],"translation":[0,0,-16],"scale":[2,2,2]}}}