{"credit":"Made with Blockbench","texture_size":[64,64],"textures":{"0":"decorations:construction/construction","particle":"decorations:construction/construction"},"elements":[{"from":[-8,14,0],"to":[24,16,16],"rotation":{"angle":0,"axis":"y","origin":[8,22,8]},"faces":{"north":{"uv":[0,7.5,4,7.75],"texture":"#0"},"east":{"uv":[0,8.75,2,9],"texture":"#0"},"south":{"uv":[0,7.5,4,7.75],"texture":"#0"},"west":{"uv":[0,8.75,2,9],"texture":"#0"},"up":{"uv":[4,8.5,0,6.5],"texture":"#0"},"down":{"uv":[4,6.5,0,8.5],"texture":"#0"}}},{"from":[-8,7,-9],"to":[24,9,-1],"rotation":{"angle":0,"axis":"y","origin":[8,22,8]},"faces":{"north":{"uv":[0,7.5,4,7.75],"texture":"#0"},"east":{"uv":[0,8.5,1,8.75],"texture":"#0"},"south":{"uv":[0,7.5,4,7.75],"texture":"#0"},"west":{"uv":[1,8.5,0,8.75],"texture":"#0"},"up":{"uv":[4,7.875,0,6.875],"texture":"#0"},"down":{"uv":[4,6.875,0,7.875],"texture":"#0"}}},{"from":[-8,7,17],"to":[24,9,25],"rotation":{"angle":0,"axis":"y","origin":[8,22,8]},"faces":{"north":{"uv":[4,7.5,0,7.75],"texture":"#0"},"east":{"uv":[1,8.5,0,8.75],"texture":"#0"},"south":{"uv":[4,7.5,0,7.75],"texture":"#0"},"west":{"uv":[0,8.5,1,8.75],"texture":"#0"},"up":{"uv":[4,6.875,0,7.875],"texture":"#0"},"down":{"uv":[4,7.875,0,6.875],"texture":"#0"}}},{"from":[-3.1,0.25,0.2],"to":[-1.1,14.25,4.2],"rotation":{"angle":0,"axis":"x","origin":[-2.1,7.25,2.2]},"faces":{"north":{"uv":[12.375,3.25,12.125,5.25],"texture":"#0"},"east":{"uv":[12.375,3.25,12.875,5.25],"texture":"#0"},"south":{"uv":[12.125,3.25,12.375,5.25],"texture":"#0"},"west":{"uv":[12.375,3.25,12.875,5.25],"texture":"#0"},"up":{"uv":[12.25,5.25,12.125,5.125],"texture":"#0"},"down":{"uv":[12.25,5.25,12.125,5.125],"texture":"#0"}}},{"from":[17.1,0.25,0.2],"to":[19.1,14.25,4.2],"rotation":{"angle":0,"axis":"x","origin":[8,8,8]},"faces":{"north":{"uv":[12.125,3.25,12.375,5.25],"texture":"#0"},"east":{"uv":[12.875,3.25,12.375,5.25],"texture":"#0"},"south":{"uv":[12.375,3.25,12.125,5.25],"texture":"#0"},"west":{"uv":[12.875,3.25,12.375,5.25],"texture":"#0"},"up":{"uv":[12.125,5.25,12.25,5.125],"texture":"#0"},"down":{"uv":[12.125,5.25,12.25,5.125],"texture":"#0"}}},{"from":[17.1,0.25,11.8],"to":[19.1,14.25,15.8],"rotation":{"angle":0,"axis":"x","origin":[8,8,8]},"faces":{"north":{"uv":[12.125,3.25,12.375,5.25],"texture":"#0"},"east":{"uv":[12.375,3.25,12.875,5.25],"texture":"#0"},"south":{"uv":[12.375,3.25,12.125,5.25],"texture":"#0"},"west":{"uv":[12.375,3.25,12.875,5.25],"texture":"#0"},"up":{"uv":[12.125,5.125,12.25,5.25],"texture":"#0"},"down":{"uv":[12.125,5.125,12.25,5.25],"texture":"#0"}}},{"from":[-3.1,0.25,11.8],"to":[-1.1,14.25,15.8],"rotation":{"angle":0,"axis":"x","origin":[8,8,8]},"faces":{"north":{"uv":[12.375,3.25,12.125,5.25],"texture":"#0"},"east":{"uv":[12.875,3.25,12.375,5.25],"texture":"#0"},"south":{"uv":[12.125,3.25,12.375,5.25],"texture":"#0"},"west":{"uv":[12.875,3.25,12.375,5.25],"texture":"#0"},"up":{"uv":[12.25,5.125,12.125,5.25],"texture":"#0"},"down":{"uv":[12.25,5.125,12.125,5.25],"texture":"#0"}}},{"from":[-2.5,5,-6.5],"to":[-2.5,8,22.5],"faces":{"north":{"uv":[0,0,0,0.75],"texture":"#0"},"east":{"uv":[0,0,3.625,0.375],"texture":"#0"},"south":{"uv":[0,0,0,0.75],"texture":"#0"},"west":{"uv":[0,0,3.625,0.375],"texture":"#0"},"up":{"uv":[0,7.25,0,0],"texture":"#0"},"down":{"uv":[0,0,0,7.25],"texture":"#0"}}},{"from":[18.5,5,-6.5],"to":[18.5,8,22.5],"faces":{"north":{"uv":[0,0,0,0.75],"texture":"#0"},"east":{"uv":[0,0,3.625,0.375],"texture":"#0"},"south":{"uv":[0,0,0,0.75],"texture":"#0"},"west":{"uv":[0,0,3.625,0.375],"texture":"#0"},"up":{"uv":[0,7.25,0,0],"texture":"#0"},"down":{"uv":[0,0,0,7.25],"texture":"#0"}}}],"display":{"thirdperson_righthand":{"rotation":[27,39,0],"scale":[0.2,0.2,0.2]},"thirdperson_lefthand":{"rotation":[27,39,0],"scale":[0.2,0.2,0.2]},"firstperson_righthand":{"rotation":[0,114,0],"translation":[22.5,-8.25,-17.75]},"firstperson_lefthand":{"rotation":[0,114,0],"translation":[22.5,-8.25,-17.75]},"ground":{"translation":[0,3.25,0],"scale":[0.3,0.3,0.3]},"gui":{"rotation":[30,45,0],"scale":[0.34,0.34,0.34]},"head":{"rotation":[0,90,0],"translation":[0,-1,0]},"fixed":{"rotation":[-90,0,0],"translation":[-16,0,-16],"scale":[2,2,2]}},"groups":[{"name":"PusangGala","origin":[0,0,0],"color":0,"boneType":"","children":[0,1,2,3,4,5,6,7,8]}]}