{"credit":"Made with Blockbench","texture_size":[128,128],"textures":{"0":"decorations:outdoor/misc_2","particle":"decorations:outdoor/misc_2"},"elements":[{"from":[2,-16,2],"to":[14,-6,14],"faces":{"north":{"uv":[14.375,11.375,15.875,12.625],"texture":"#0","tintindex":0},"east":{"uv":[14.375,11.375,15.875,12.625],"texture":"#0","tintindex":0},"south":{"uv":[14.375,11.375,15.875,12.625],"texture":"#0","tintindex":0},"west":{"uv":[14.375,11.375,15.875,12.625],"texture":"#0","tintindex":0},"up":{"uv":[12.75,12,14.25,13.5],"texture":"#0","tintindex":0},"down":{"uv":[14.375,12.75,15.875,14.25],"texture":"#0","tintindex":0}}},{"from":[-7,-6,7],"to":[21,29,7],"rotation":{"angle":22.5,"axis":"y","origin":[8,11.5,8]},"faces":{"north":{"uv":[4.825,6.075,8.2,10.45],"texture":"#0"},"east":{"uv":[0,0,0.125,0.125],"texture":"#missing"},"south":{"uv":[8.2,6.075,4.825,10.45],"texture":"#0"},"west":{"uv":[0,0,0.125,0.125],"texture":"#missing"},"up":{"uv":[0,0,0.125,0.125],"texture":"#missing"},"down":{"uv":[0,0,0.125,0.125],"texture":"#missing"}}},{"from":[7,-6,-7],"to":[7,29,21],"rotation":{"angle":22.5,"axis":"y","origin":[8,11.5,8]},"faces":{"north":{"uv":[0,0,0.125,0.125],"texture":"#missing"},"east":{"uv":[4.825,6.075,8.2,10.45],"texture":"#0"},"south":{"uv":[0,0,0.125,0.125],"texture":"#missing"},"west":{"uv":[8.2,6.075,4.825,10.45],"texture":"#0"},"up":{"uv":[0,0,0.125,0.125],"rotation":90,"texture":"#missing"},"down":{"uv":[0,0,0.125,0.125],"rotation":270,"texture":"#missing"}}}],"display":{"thirdperson_righthand":{"rotation":[63,34,0],"translation":[0,1,-1],"scale":[0.37891,0.37891,0.37891]},"thirdperson_lefthand":{"rotation":[63,34,0],"translation":[0,1,-1],"scale":[0.37891,0.37891,0.37891]},"firstperson_righthand":{"rotation":[3,112,-13],"translation":[9.5,0,-5.75],"scale":[0.35547,0.35547,0.35547]},"firstperson_lefthand":{"rotation":[3,112,-13],"translation":[9.5,0,-5.75],"scale":[0.35547,0.35547,0.35547]},"ground":{"translation":[0,4.25,0],"scale":[0.28906,0.28906,0.28906]},"gui":{"rotation":[30,-158,0],"scale":[0.31797,0.31797,0.31797]},"head":{"translation":[0,-4.75,0],"scale":[1.6,1.6,1.6]},"fixed":{"rotation":[-90,0,0],"translation":[0,0,-48],"scale":[2,2,2]}}}