{"credit":"Made with Blockbench","texture_size":[128,128],"textures":{"0":"decorations:outdoor/misc_2","particle":"decorations:outdoor/misc_2"},"elements":[{"from":[3.79657,14.25926,2],"to":[3.79657,18.25926,14],"rotation":{"angle":-22.5,"axis":"z","origin":[8,23.1217,8]},"faces":{"north":{"uv":[12,9.25,10.5,10.75],"texture":"#0"},"east":{"uv":[12,9.25,13.5,9.75],"texture":"#0"},"south":{"uv":[1.5,0,0,1.5],"texture":"#0"},"west":{"uv":[13.5,9.25,12,9.75],"texture":"#0"},"up":{"uv":[0,1.5,1.5,0],"rotation":90,"texture":"#0"},"down":{"uv":[0,1.5,1.5,0],"rotation":270,"texture":"#0"}}},{"from":[4,0,4],"to":[12,8,12],"rotation":{"angle":0,"axis":"y","origin":[7,0,-1]},"faces":{"north":{"uv":[12.125,13.625,13.125,14.625],"texture":"#0","tintindex":0},"east":{"uv":[12.125,13.625,13.125,14.625],"texture":"#0","tintindex":0},"south":{"uv":[12.125,13.625,13.125,14.625],"texture":"#0","tintindex":0},"west":{"uv":[12.125,13.625,13.125,14.625],"texture":"#0","tintindex":0},"up":{"uv":[13.25,13.625,14.25,14.625],"texture":"#0"},"down":{"uv":[12.125,14.75,13.125,15.75],"texture":"#0","tintindex":0}}},{"from":[7,8,7],"to":[9,18,9],"rotation":{"angle":0,"axis":"y","origin":[7,0,-1]},"faces":{"north":{"uv":[3.25,7,3.5,8.25],"texture":"#0"},"east":{"uv":[3.5,7,3.25,8.25],"texture":"#0"},"south":{"uv":[3.25,7,3.5,8.25],"texture":"#0"},"west":{"uv":[3.5,7,3.25,8.25],"texture":"#0"},"up":{"uv":[3.25,5.5,3.375,5.625],"texture":"#missing"},"down":{"uv":[3.25,5.5,3.375,5.625],"texture":"#missing"}}},{"from":[2,17,2],"to":[14,29,14],"rotation":{"angle":0,"axis":"y","origin":[7,-1,-1]},"faces":{"north":{"uv":[12.125,10.25,13.625,11.75],"texture":"#0"},"east":{"uv":[12.125,10.25,13.625,11.75],"texture":"#0"},"south":{"uv":[12.125,10.25,13.625,11.75],"texture":"#0"},"west":{"uv":[12.125,10.25,13.625,11.75],"texture":"#0"},"up":{"uv":[12.125,10.25,13.625,11.75],"texture":"#0"},"down":{"uv":[12.125,10.25,13.625,11.75],"texture":"#0"}}},{"from":[-2,15,8],"to":[18,32,8],"rotation":{"angle":45,"axis":"y","origin":[8,23.5,8]},"faces":{"north":{"uv":[9.25,8.25,11.75,10.375],"texture":"#0"},"east":{"uv":[1.5,0,0,1.5],"texture":"#0"},"south":{"uv":[11.75,8.25,9.25,10.375],"texture":"#0"},"west":{"uv":[1.5,0,0,1.5],"texture":"#0"},"up":{"uv":[1.5,0,0,1.5],"texture":"#0"},"down":{"uv":[1.5,0,0,1.5],"texture":"#0"}}},{"from":[-2,15,8],"to":[18,32,8],"rotation":{"angle":-45,"axis":"y","origin":[8,23.5,8]},"faces":{"north":{"uv":[9.25,8.25,11.75,10.375],"texture":"#0"},"east":{"uv":[0,0,1.5,1.5],"texture":"#0"},"south":{"uv":[11.75,8.25,9.25,10.375],"texture":"#0"},"west":{"uv":[0,0,1.5,1.5],"texture":"#0"},"up":{"uv":[1.5,1.5,0,0],"texture":"#0"},"down":{"uv":[1.5,1.5,0,0],"texture":"#0"}}},{"from":[2,17.75926,2.29657],"to":[14,21.75926,2.29657],"rotation":{"angle":22.5,"axis":"x","origin":[8,23.1217,8]},"faces":{"north":{"uv":[12,9.75,13.5,10.25],"texture":"#0"},"east":{"uv":[0,0,1.5,1.5],"texture":"#0"},"south":{"uv":[13.5,9.75,12,10.25],"texture":"#0"},"west":{"uv":[0,0,1.5,1.5],"texture":"#0"},"up":{"uv":[0,0,1.5,1.5],"texture":"#0"},"down":{"uv":[0,0,1.5,1.5],"texture":"#0"}}},{"from":[2,14.25926,3.79657],"to":[14,18.25926,3.79657],"rotation":{"angle":22.5,"axis":"x","origin":[8,23.1217,8]},"faces":{"north":{"uv":[12,9.25,13.5,9.75],"texture":"#0"},"east":{"uv":[0,0,1.5,1.5],"texture":"#0"},"south":{"uv":[13.5,9.25,12,9.75],"texture":"#0"},"west":{"uv":[0,0,1.5,1.5],"texture":"#0"},"up":{"uv":[0,0,1.5,1.5],"texture":"#0"},"down":{"uv":[0,0,1.5,1.5],"texture":"#0"}}},{"from":[2,17.75926,13.70343],"to":[14,21.75926,13.70343],"rotation":{"angle":-22.5,"axis":"x","origin":[8,23.1217,8]},"faces":{"north":{"uv":[12,9.75,13.5,10.25],"texture":"#0"},"east":{"uv":[1.5,0,0,1.5],"texture":"#0"},"south":{"uv":[13.5,9.75,12,10.25],"texture":"#0"},"west":{"uv":[1.5,0,0,1.5],"texture":"#0"},"up":{"uv":[0,1.5,1.5,0],"texture":"#0"},"down":{"uv":[0,1.5,1.5,0],"texture":"#0"}}},{"from":[2,14.25926,12.20343],"to":[14,18.25926,12.20343],"rotation":{"angle":-22.5,"axis":"x","origin":[8,23.1217,8]},"faces":{"north":{"uv":[12,9.25,13.5,9.75],"texture":"#0"},"east":{"uv":[1.5,0,0,1.5],"texture":"#0"},"south":{"uv":[13.5,9.25,12,9.75],"texture":"#0"},"west":{"uv":[1.5,0,0,1.5],"texture":"#0"},"up":{"uv":[0,1.5,1.5,0],"texture":"#0"},"down":{"uv":[0,1.5,1.5,0],"texture":"#0"}}},{"from":[2.29657,17.75926,2],"to":[2.29657,21.75926,14],"rotation":{"angle":-22.5,"axis":"z","origin":[8,23.1217,8]},"faces":{"north":{"uv":[12,9.25,10.5,10.75],"texture":"#0"},"east":{"uv":[12,9.75,13.5,10.25],"texture":"#0"},"south":{"uv":[1.5,0,0,1.5],"texture":"#0"},"west":{"uv":[13.5,9.75,12,10.25],"texture":"#0"},"up":{"uv":[0,1.5,1.5,0],"rotation":90,"texture":"#0"},"down":{"uv":[0,1.5,1.5,0],"rotation":270,"texture":"#0"}}},{"from":[12.20343,14.25926,2],"to":[12.20343,18.25926,14],"rotation":{"angle":22.5,"axis":"z","origin":[8,23.1217,8]},"faces":{"north":{"uv":[10.5,9.25,12,10.75],"texture":"#0"},"east":{"uv":[12,9.25,13.5,9.75],"texture":"#0"},"south":{"uv":[0,0,1.5,1.5],"texture":"#0"},"west":{"uv":[13.5,9.25,12,9.75],"texture":"#0"},"up":{"uv":[0,0,1.5,1.5],"rotation":90,"texture":"#0"},"down":{"uv":[0,0,1.5,1.5],"rotation":270,"texture":"#0"}}},{"from":[13.70343,17.75926,2],"to":[13.70343,21.75926,14],"rotation":{"angle":22.5,"axis":"z","origin":[8,23.1217,8]},"faces":{"north":{"uv":[10.5,9.25,12,10.75],"texture":"#0"},"east":{"uv":[12,9.75,13.5,10.25],"texture":"#0"},"south":{"uv":[0,0,1.5,1.5],"texture":"#0"},"west":{"uv":[13.5,9.75,12,10.25],"texture":"#0"},"up":{"uv":[0,0,1.5,1.5],"rotation":90,"texture":"#0"},"down":{"uv":[0,0,1.5,1.5],"rotation":270,"texture":"#0"}}},{"from":[2,22.75926,13.70343],"to":[14,26.75926,13.70343],"rotation":{"angle":-22.5,"axis":"x","origin":[8,28.1217,8]},"faces":{"north":{"uv":[12,9.75,13.5,10.25],"texture":"#0"},"east":{"uv":[1.5,0,0,1.5],"texture":"#0"},"south":{"uv":[13.5,9.75,12,10.25],"texture":"#0"},"west":{"uv":[1.5,0,0,1.5],"texture":"#0"},"up":{"uv":[0,1.5,1.5,0],"texture":"#0"},"down":{"uv":[0,1.5,1.5,0],"texture":"#0"}}},{"from":[13.70343,22.75926,2],"to":[13.70343,26.75926,14],"rotation":{"angle":22.5,"axis":"z","origin":[8,28.1217,8]},"faces":{"north":{"uv":[10.5,9.25,12,10.75],"texture":"#0"},"east":{"uv":[12,9.75,13.5,10.25],"texture":"#0"},"south":{"uv":[0,0,1.5,1.5],"texture":"#0"},"west":{"uv":[13.5,9.75,12,10.25],"texture":"#0"},"up":{"uv":[0,0,1.5,1.5],"rotation":90,"texture":"#0"},"down":{"uv":[0,0,1.5,1.5],"rotation":270,"texture":"#0"}}},{"from":[2,22.75926,2.29657],"to":[14,26.75926,2.29657],"rotation":{"angle":22.5,"axis":"x","origin":[8,28.1217,8]},"faces":{"north":{"uv":[12,9.75,13.5,10.25],"texture":"#0"},"east":{"uv":[0,0,1.5,1.5],"texture":"#0"},"south":{"uv":[13.5,9.75,12,10.25],"texture":"#0"},"west":{"uv":[0,0,1.5,1.5],"texture":"#0"},"up":{"uv":[0,0,1.5,1.5],"texture":"#0"},"down":{"uv":[0,0,1.5,1.5],"texture":"#0"}}},{"from":[2.29657,22.75926,2],"to":[2.29657,26.75926,14],"rotation":{"angle":-22.5,"axis":"z","origin":[8,28.1217,8]},"faces":{"north":{"uv":[12,9.25,10.5,10.75],"texture":"#0"},"east":{"uv":[12,9.75,13.5,10.25],"texture":"#0"},"south":{"uv":[1.5,0,0,1.5],"texture":"#0"},"west":{"uv":[13.5,9.75,12,10.25],"texture":"#0"},"up":{"uv":[0,1.5,1.5,0],"rotation":90,"texture":"#0"},"down":{"uv":[0,1.5,1.5,0],"rotation":270,"texture":"#0"}}}],"gui_light":"front","display":{"thirdperson_righthand":{"rotation":[63,34,0],"translation":[0,1,-1],"scale":[0.37891,0.37891,0.37891]},"thirdperson_lefthand":{"rotation":[63,34,0],"translation":[0,1,-1],"scale":[0.37891,0.37891,0.37891]},"firstperson_righthand":{"rotation":[3,112,-13],"translation":[9.5,0,-5.75],"scale":[0.35547,0.35547,0.35547]},"firstperson_lefthand":{"rotation":[3,112,-13],"translation":[9.5,0,-5.75],"scale":[0.35547,0.35547,0.35547]},"ground":{"translation":[0,4.25,0],"scale":[0.28906,0.28906,0.28906]},"gui":{"rotation":[30,-158,0],"translation":[-0.25,-2.75,0],"scale":[0.44297,0.44297,0.44297]},"head":{"translation":[0,-30.5,0],"scale":[1.6,1.6,1.6]},"fixed":{"rotation":[-90,0,0],"translation":[0,0,-16],"scale":[2,2,2]}}}