{"credit":"Made with Blockbench","texture_size":[128,128],"textures":{"2":"decorations:outdoor/wagon","particle":"decorations:outdoor/wagon"},"elements":[{"from":[12,-3,8],"to":[15,0,11],"rotation":{"angle":0,"axis":"y","origin":[0,-8,14]},"faces":{"north":{"uv":[6.125,5.375,5.75,5.75],"texture":"#2"},"east":{"uv":[6.125,5.375,5.75,5.75],"texture":"#2"},"south":{"uv":[6.125,5.375,5.75,5.75],"texture":"#2"},"west":{"uv":[6.125,5.375,5.75,5.75],"texture":"#2"},"up":{"uv":[6.125,4.875,5.75,5.25],"texture":"#2"},"down":{"uv":[6.125,5.25,5.75,4.875],"texture":"#2"}}},{"from":[15,-2,9],"to":[17.25,-1,10],"rotation":{"angle":0,"axis":"y","origin":[0,-8,14]},"faces":{"north":{"uv":[5.75,6,6.125,5.875],"texture":"#2"},"east":{"uv":[6.125,6.125,6,6.25],"texture":"#2"},"south":{"uv":[6.125,6,5.75,5.875],"texture":"#2"},"west":{"uv":[6.125,6.125,6,6.25],"texture":"#2"},"up":{"uv":[6.125,5.875,5.75,6],"texture":"#2"},"down":{"uv":[6.125,5.875,5.75,6],"texture":"#2"}}},{"from":[16.1,-6,5],"to":[17.1,3,14],"rotation":{"angle":0,"axis":"y","origin":[0,-8,14]},"faces":{"north":{"uv":[1.25,9.875,1.125,11],"texture":"#2"},"east":{"uv":[1.125,9.875,0,11],"texture":"#2"},"south":{"uv":[1.25,9.875,1.125,11],"texture":"#2"},"west":{"uv":[1.125,9.875,0,11],"texture":"#2"},"up":{"uv":[1.25,9.875,1.125,11],"texture":"#2"},"down":{"uv":[1.25,11,1.125,9.875],"texture":"#2"}}},{"name":"cube inverted","from":[17.1,3,14],"to":[16.1,-6,5],"rotation":{"angle":0,"axis":"y","origin":[0,-8,14]},"faces":{"north":{"uv":[1.25,11,1.125,9.875],"texture":"#2"},"east":{"uv":[1.125,11,0,9.875],"texture":"#2"},"south":{"uv":[1.25,11,1.125,9.875],"texture":"#2"},"west":{"uv":[1.125,11,0,9.875],"texture":"#2"},"up":{"uv":[1.125,11,1.25,9.875],"texture":"#2"},"down":{"uv":[1.125,9.875,1.25,11],"texture":"#2"}}},{"from":[12,-3,-12],"to":[15,0,-9],"rotation":{"angle":0,"axis":"y","origin":[0,-8,2]},"faces":{"north":{"uv":[5.75,5.375,6.125,5.75],"texture":"#2"},"east":{"uv":[5.75,5.375,6.125,5.75],"texture":"#2"},"south":{"uv":[5.75,5.375,6.125,5.75],"texture":"#2"},"west":{"uv":[5.75,5.375,6.125,5.75],"texture":"#2"},"up":{"uv":[6.125,5.25,5.75,4.875],"texture":"#2"},"down":{"uv":[6.125,4.875,5.75,5.25],"texture":"#2"}}},{"from":[15,-2,-11],"to":[17.25,-1,-10],"rotation":{"angle":0,"axis":"y","origin":[0,-8,2]},"faces":{"north":{"uv":[5.75,6,6.125,5.875],"texture":"#2"},"east":{"uv":[6,6.125,6.125,6.25],"texture":"#2"},"south":{"uv":[6.125,6,5.75,5.875],"texture":"#2"},"west":{"uv":[6,6.125,6.125,6.25],"texture":"#2"},"up":{"uv":[6.125,6,5.75,5.875],"texture":"#2"},"down":{"uv":[6.125,6,5.75,5.875],"texture":"#2"}}},{"from":[16.1,-6,-15],"to":[17.1,3,-6],"rotation":{"angle":0,"axis":"y","origin":[0,-8,2]},"faces":{"north":{"uv":[1.125,9.875,1.25,11],"texture":"#2"},"east":{"uv":[0,9.875,1.125,11],"texture":"#2"},"south":{"uv":[1.125,9.875,1.25,11],"texture":"#2"},"west":{"uv":[0,9.875,1.125,11],"texture":"#2"},"up":{"uv":[1.25,11,1.125,9.875],"texture":"#2"},"down":{"uv":[1.25,9.875,1.125,11],"texture":"#2"}}},{"name":"cube inverted","from":[17.1,3,-6],"to":[16.1,-6,-15],"rotation":{"angle":0,"axis":"y","origin":[0,-8,2]},"faces":{"north":{"uv":[1.125,11,1.25,9.875],"texture":"#2"},"east":{"uv":[0,11,1.125,9.875],"texture":"#2"},"south":{"uv":[1.125,11,1.25,9.875],"texture":"#2"},"west":{"uv":[0,11,1.125,9.875],"texture":"#2"},"up":{"uv":[1.125,9.875,1.25,11],"texture":"#2"},"down":{"uv":[1.125,11,1.25,9.875],"texture":"#2"}}},{"from":[1,-3,-12],"to":[4,0,-9],"rotation":{"angle":0,"axis":"y","origin":[16,-8,2]},"faces":{"north":{"uv":[6.125,5.375,5.75,5.75],"texture":"#2"},"east":{"uv":[6.125,5.375,5.75,5.75],"texture":"#2"},"south":{"uv":[6.125,5.375,5.75,5.75],"texture":"#2"},"west":{"uv":[6.125,5.375,5.75,5.75],"texture":"#2"},"up":{"uv":[5.75,5.25,6.125,4.875],"texture":"#2"},"down":{"uv":[5.75,4.875,6.125,5.25],"texture":"#2"}}},{"from":[-1.25,-2,-11],"to":[1,-1,-10],"rotation":{"angle":0,"axis":"y","origin":[16,-8,2]},"faces":{"north":{"uv":[6.125,6,5.75,5.875],"texture":"#2"},"east":{"uv":[6.125,6.125,6,6.25],"texture":"#2"},"south":{"uv":[5.75,6,6.125,5.875],"texture":"#2"},"west":{"uv":[6.125,6.125,6,6.25],"texture":"#2"},"up":{"uv":[5.75,6,6.125,5.875],"texture":"#2"},"down":{"uv":[5.75,6,6.125,5.875],"texture":"#2"}}},{"from":[-1.1,-6,-15],"to":[-0.1,3,-6],"rotation":{"angle":0,"axis":"y","origin":[16,-8,2]},"faces":{"north":{"uv":[1.25,9.875,1.125,11],"texture":"#2"},"east":{"uv":[1.125,9.875,0,11],"texture":"#2"},"south":{"uv":[1.25,9.875,1.125,11],"texture":"#2"},"west":{"uv":[1.125,9.875,0,11],"texture":"#2"},"up":{"uv":[1.125,11,1.25,9.875],"texture":"#2"},"down":{"uv":[1.125,9.875,1.25,11],"texture":"#2"}}},{"name":"cube inverted","from":[-0.1,3,-6],"to":[-1.1,-6,-15],"rotation":{"angle":0,"axis":"y","origin":[16,-8,2]},"faces":{"north":{"uv":[1.25,11,1.125,9.875],"texture":"#2"},"east":{"uv":[1.125,11,0,9.875],"texture":"#2"},"south":{"uv":[1.25,11,1.125,9.875],"texture":"#2"},"west":{"uv":[1.125,11,0,9.875],"texture":"#2"},"up":{"uv":[1.25,9.875,1.125,11],"texture":"#2"},"down":{"uv":[1.25,11,1.125,9.875],"texture":"#2"}}},{"from":[1,-3,8],"to":[4,0,11],"rotation":{"angle":0,"axis":"y","origin":[16,-8,14]},"faces":{"north":{"uv":[5.75,5.375,6.125,5.75],"texture":"#2"},"east":{"uv":[5.75,5.375,6.125,5.75],"texture":"#2"},"south":{"uv":[5.75,5.375,6.125,5.75],"texture":"#2"},"west":{"uv":[5.75,5.375,6.125,5.75],"texture":"#2"},"up":{"uv":[5.75,4.875,6.125,5.25],"texture":"#2"},"down":{"uv":[5.75,5.25,6.125,4.875],"texture":"#2"}}},{"from":[-1.25,-2,9],"to":[1,-1,10],"rotation":{"angle":0,"axis":"y","origin":[16,-8,14]},"faces":{"north":{"uv":[6.125,6,5.75,5.875],"texture":"#2"},"east":{"uv":[6,6.125,6.125,6.25],"texture":"#2"},"south":{"uv":[5.75,6,6.125,5.875],"texture":"#2"},"west":{"uv":[6,6.125,6.125,6.25],"texture":"#2"},"up":{"uv":[5.75,5.875,6.125,6],"texture":"#2"},"down":{"uv":[5.75,5.875,6.125,6],"texture":"#2"}}},{"from":[-1.1,-6,5],"to":[-0.1,3,14],"rotation":{"angle":0,"axis":"y","origin":[16,-8,14]},"faces":{"north":{"uv":[1.125,9.875,1.25,11],"texture":"#2"},"east":{"uv":[0,9.875,1.125,11],"texture":"#2"},"south":{"uv":[1.125,9.875,1.25,11],"texture":"#2"},"west":{"uv":[0,9.875,1.125,11],"texture":"#2"},"up":{"uv":[1.125,9.875,1.25,11],"texture":"#2"},"down":{"uv":[1.125,11,1.25,9.875],"texture":"#2"}}},{"name":"cube inverted","from":[-0.1,3,14],"to":[-1.1,-6,5],"rotation":{"angle":0,"axis":"y","origin":[16,-8,14]},"faces":{"north":{"uv":[1.125,11,1.25,9.875],"texture":"#2"},"east":{"uv":[0,11,1.125,9.875],"texture":"#2"},"south":{"uv":[1.125,11,1.25,9.875],"texture":"#2"},"west":{"uv":[0,11,1.125,9.875],"texture":"#2"},"up":{"uv":[1.25,11,1.125,9.875],"texture":"#2"},"down":{"uv":[1.25,9.875,1.125,11],"texture":"#2"}}},{"from":[1,1,14],"to":[4,4,26],"rotation":{"angle":0,"axis":"y","origin":[0,-8,2]},"faces":{"north":{"uv":[5.25,10.875,5.625,11.25],"texture":"#2"},"east":{"uv":[4.625,10.875,5.25,11.25],"texture":"#2"},"south":{"uv":[5.25,10.875,5.625,11.25],"texture":"#2"},"west":{"uv":[4.625,10.875,5.25,11.25],"texture":"#2"},"up":{"uv":[5.625,10.75,5.25,10.125],"texture":"#2"},"down":{"uv":[5.625,10.125,5.25,10.75],"texture":"#2"}}},{"from":[1.5,1.5,19],"to":[3.5,3.5,32],"rotation":{"angle":0,"axis":"y","origin":[0,-8,2]},"faces":{"north":{"uv":[4.25,11.875,4.5,12.125],"texture":"#2"},"east":{"uv":[5.875,12.125,4.25,11.875],"texture":"#2"},"south":{"uv":[4.25,11.875,4.5,12.125],"texture":"#2"},"west":{"uv":[4.25,12.125,5.875,11.875],"texture":"#2"},"up":{"uv":[4.5,11.75,4.25,10.125],"texture":"#2"},"down":{"uv":[4.5,10.125,4.25,11.75],"texture":"#2"}}},{"from":[12,1,14],"to":[15,4,26],"rotation":{"angle":0,"axis":"y","origin":[0,-8,2]},"faces":{"north":{"uv":[5.25,10.875,5.625,11.25],"texture":"#2"},"east":{"uv":[4.625,10.875,5.25,11.25],"texture":"#2"},"south":{"uv":[5.25,10.875,5.625,11.25],"texture":"#2"},"west":{"uv":[4.625,10.875,5.25,11.25],"texture":"#2"},"up":{"uv":[5.625,10.75,5.25,10.125],"texture":"#2"},"down":{"uv":[5.625,10.125,5.25,10.75],"texture":"#2"}}},{"from":[12.5,1.5,19],"to":[14.5,3.5,32],"rotation":{"angle":0,"axis":"y","origin":[0,-8,2]},"faces":{"north":{"uv":[4.25,11.875,4.5,12.125],"texture":"#2"},"east":{"uv":[5.875,12.125,4.25,11.875],"texture":"#2"},"south":{"uv":[4.25,11.875,4.5,12.125],"texture":"#2"},"west":{"uv":[4.25,12.125,5.875,11.875],"texture":"#2"},"up":{"uv":[4.5,11.75,4.25,10.125],"texture":"#2"},"down":{"uv":[4.5,10.125,4.25,11.75],"texture":"#2"}}},{"from":[4,1.5,22.5],"to":[12,3.5,24.5],"rotation":{"angle":0,"axis":"y","origin":[0,-8,2]},"faces":{"north":{"uv":[4.625,11.875,5.625,12.125],"texture":"#2"},"east":{"uv":[4.25,11.875,4.5,12.125],"texture":"#2"},"south":{"uv":[4.25,11.875,5.25,12.125],"texture":"#2"},"west":{"uv":[5.375,11.875,5.625,12.125],"texture":"#2"},"up":{"uv":[5.25,12.125,4.25,11.875],"texture":"#2"},"down":{"uv":[5.25,11.875,4.25,12.125],"texture":"#2"}}},{"from":[1.21,28.41257,-14.0664],"to":[3.21,30.41257,13.9336],"rotation":{"angle":-22.5,"axis":"z","origin":[3.10118,30.51257,-1.0664]},"faces":{"north":{"uv":[4.25,11.375,4.5,11.625],"rotation":270,"texture":"#2"},"east":{"uv":[4.5,10.375,4.25,12],"rotation":270,"texture":"#2"},"south":{"uv":[4.25,11.375,4.5,11.625],"rotation":270,"texture":"#2"},"west":{"uv":[4.5,12,4.25,10.375],"rotation":270,"texture":"#2"},"up":{"uv":[1.75,5.875,3.375,6.125],"rotation":270,"texture":"#2"},"down":{"uv":[1.75,5.875,3.375,6.125],"rotation":270,"texture":"#2"}}},{"from":[1,5,11],"to":[3,29,13],"rotation":{"angle":0,"axis":"y","origin":[-1,15,-2]},"faces":{"north":{"uv":[4.5,12.75,4.25,10.375],"texture":"#2"},"east":{"uv":[4.5,12.75,4.25,10.375],"texture":"#2"},"south":{"uv":[4.5,12.75,4.25,10.375],"texture":"#2"},"west":{"uv":[4.5,12.75,4.25,10.375],"texture":"#2"},"up":{"uv":[4.5,12.125,4.25,11.875],"texture":"#2"},"down":{"uv":[4.5,11.875,4.25,12.125],"texture":"#2"}}},{"from":[1,5,-13],"to":[3,29,-11],"rotation":{"angle":0,"axis":"y","origin":[-1,15,-2]},"faces":{"north":{"uv":[4.25,12.75,4.5,10.375],"texture":"#2"},"east":{"uv":[4.25,12.75,4.5,10.375],"texture":"#2"},"south":{"uv":[4.25,12.75,4.5,10.375],"texture":"#2"},"west":{"uv":[4.25,12.75,4.5,10.375],"texture":"#2"},"up":{"uv":[4.5,12.125,4.25,11.875],"texture":"#2"},"down":{"uv":[4.5,11.875,4.25,12.125],"texture":"#2"}}},{"from":[13,5,10.9375],"to":[15,24,12.9375],"rotation":{"angle":0,"axis":"y","origin":[17,15,-2.0625]},"faces":{"north":{"uv":[4.5,10.375,4.25,12.75],"texture":"#2"},"east":{"uv":[4.5,10.375,4.25,12.75],"texture":"#2"},"south":{"uv":[4.5,10.375,4.25,12.75],"texture":"#2"},"west":{"uv":[4.5,10.375,4.25,12.75],"texture":"#2"},"up":{"uv":[4.5,12.125,4.25,11.875],"texture":"#2"},"down":{"uv":[4.5,11.875,4.25,12.125],"texture":"#2"}}},{"from":[13,5,-12.0625],"to":[15,24,-10.0625],"rotation":{"angle":0,"axis":"y","origin":[17,15,-2.0625]},"faces":{"north":{"uv":[4.5,10.375,4.25,12.75],"texture":"#2"},"east":{"uv":[4.5,10.375,4.25,12.75],"texture":"#2"},"south":{"uv":[4.5,10.375,4.25,12.75],"texture":"#2"},"west":{"uv":[4.5,10.375,4.25,12.75],"texture":"#2"},"up":{"uv":[4.5,12.125,4.25,11.875],"texture":"#2"},"down":{"uv":[4.5,11.875,4.25,12.125],"texture":"#2"}}},{"from":[0.42916,24.65969,-14.0664],"to":[0.42916,29.65969,13.9336],"rotation":{"angle":0,"axis":"z","origin":[0.32916,29.15969,-0.0664]},"faces":{"north":{"uv":[3.5,8.25,3.5,8.625],"texture":"#2"},"east":{"uv":[3.5,0.375,7,1],"texture":"#2"},"south":{"uv":[7,8.25,7,8.625],"texture":"#2"},"west":{"uv":[3.5,0.375,7,1],"texture":"#2"},"up":{"uv":[3.5,8.25,3.5,4.75],"texture":"#2"},"down":{"uv":[3.5,4.75,3.5,8.25],"texture":"#2"}}},{"from":[0.7446,28.73,-14.0664],"to":[21.7446,28.73,13.9336],"rotation":{"angle":-22.5,"axis":"z","origin":[7.42399,28.72092,0.9336]},"faces":{"north":{"uv":[3.5,4.75,3.5,6.5],"rotation":90,"texture":"#2"},"east":{"uv":[3.5,1.25,3.5,4.75],"rotation":270,"texture":"#2"},"south":{"uv":[7,4.75,7,6.5],"rotation":270,"texture":"#2"},"west":{"uv":[3.5,4.75,3.5,1.25],"rotation":270,"texture":"#2"},"up":{"uv":[0,2,3.5,3.75],"rotation":270,"texture":"#2","tintindex":0},"down":{"uv":[0,2,3.5,3.75],"rotation":270,"texture":"#2","tintindex":0}}},{"from":[0.7446,28.73,-14.0664],"to":[21.7446,28.73,13.9336],"rotation":{"angle":-22.5,"axis":"z","origin":[7.42399,28.72092,0.9336]},"faces":{"north":{"uv":[3.5,4.75,3.5,6.5],"rotation":90,"texture":"#2"},"east":{"uv":[3.5,1.25,3.5,4.75],"rotation":270,"texture":"#2"},"south":{"uv":[7,4.75,7,6.5],"rotation":270,"texture":"#2"},"west":{"uv":[3.5,4.75,3.5,1.25],"rotation":270,"texture":"#2"},"up":{"uv":[3.5,2,7,3.75],"rotation":270,"texture":"#2"},"down":{"uv":[3.5,2,7,3.75],"rotation":270,"texture":"#2"}}},{"from":[20.6539,20.24158,-14.0664],"to":[20.6539,23.24158,13.9336],"rotation":{"angle":0,"axis":"y","origin":[-23.25459,20.04057,14.93751]},"faces":{"north":{"uv":[3.5,8.25,3.5,8.625],"texture":"#2"},"east":{"uv":[0,3.875,3.5,4.25],"texture":"#2","tintindex":0},"south":{"uv":[7,8.25,7,8.625],"texture":"#2"},"west":{"uv":[0,3.875,3.5,4.25],"texture":"#2","tintindex":0},"up":{"uv":[3.5,8.25,3.5,4.75],"texture":"#2"},"down":{"uv":[3.5,4.75,3.5,8.25],"texture":"#2"}}},{"from":[20.6539,20.24158,-14.0664],"to":[20.6539,23.24158,13.9336],"rotation":{"angle":0,"axis":"y","origin":[-23.25459,20.04057,14.93751]},"faces":{"north":{"uv":[3.5,8.25,3.5,8.625],"texture":"#2"},"east":{"uv":[3.5,3.875,7,4.25],"texture":"#2"},"south":{"uv":[7,8.25,7,8.625],"texture":"#2"},"west":{"uv":[3.5,3.875,7,4.25],"texture":"#2"},"up":{"uv":[3.5,8.25,3.5,4.75],"texture":"#2"},"down":{"uv":[3.5,4.75,3.5,8.25],"texture":"#2"}}},{"from":[0.30019,29.47662,-14.0664],"to":[0.30019,31.47662,13.9336],"rotation":{"angle":-22.5,"axis":"z","origin":[0.30019,28.97662,-0.0664]},"faces":{"north":{"uv":[3.5,8.25,3.5,8.625],"texture":"#2"},"east":{"uv":[3.5,0,7,0.375],"texture":"#2"},"south":{"uv":[7,8.25,7,8.625],"texture":"#2"},"west":{"uv":[3.5,0,7,0.375],"texture":"#2"},"up":{"uv":[3.5,8.25,3.5,4.75],"texture":"#2"},"down":{"uv":[3.5,4.75,3.5,8.25],"texture":"#2"}}},{"from":[0.30019,29.47662,-14.0664],"to":[0.30019,31.47662,13.9336],"rotation":{"angle":-22.5,"axis":"z","origin":[0.30019,28.97662,-0.0664]},"faces":{"north":{"uv":[3.5,8.25,3.5,8.625],"texture":"#2"},"east":{"uv":[0,0,3.5,0.375],"texture":"#2","tintindex":0},"south":{"uv":[7,8.25,7,8.625],"texture":"#2"},"west":{"uv":[0,0,3.5,0.375],"texture":"#2","tintindex":0},"up":{"uv":[3.5,8.25,3.5,4.75],"texture":"#2"},"down":{"uv":[3.5,4.75,3.5,8.25],"texture":"#2"}}},{"from":[0.42916,24.65969,-14.0664],"to":[0.42916,29.65969,13.9336],"rotation":{"angle":0,"axis":"z","origin":[0.32916,29.15969,-0.0664]},"faces":{"north":{"uv":[3.5,8.25,3.5,8.625],"texture":"#2"},"east":{"uv":[0,0.375,3.5,1],"texture":"#2","tintindex":0},"south":{"uv":[7,8.25,7,8.625],"texture":"#2"},"west":{"uv":[0,0.375,3.5,1],"texture":"#2","tintindex":0},"up":{"uv":[3.5,8.25,3.5,4.75],"texture":"#2"},"down":{"uv":[3.5,4.75,3.5,8.25],"texture":"#2"}}},{"from":[0.92793,24.61422,10.9336],"to":[20.92793,26.61422,12.9336],"rotation":{"angle":-22.5,"axis":"z","origin":[12.31371,25.61422,-12.0664]},"faces":{"north":{"uv":[4.25,10.5,4.5,12.25],"rotation":90,"texture":"#2"},"east":{"uv":[5.625,11,5.375,11.25],"rotation":270,"texture":"#2"},"south":{"uv":[4.5,10.5,4.25,12.25],"rotation":270,"texture":"#2"},"west":{"uv":[5.625,11.25,5.375,11],"rotation":270,"texture":"#2"},"up":{"uv":[4.25,10.5,4.5,12.25],"rotation":270,"texture":"#2"},"down":{"uv":[3.875,8,4.125,9.75],"rotation":270,"texture":"#2"}}},{"from":[0.92793,24.61422,-13.0664],"to":[20.92793,26.61422,-11.0664],"rotation":{"angle":-22.5,"axis":"z","origin":[12.31371,25.61422,-12.0664]},"faces":{"north":{"uv":[4.25,10.5,4.5,12.25],"rotation":90,"texture":"#2"},"east":{"uv":[5.625,11,5.375,11.25],"rotation":270,"texture":"#2"},"south":{"uv":[4.5,10.5,4.25,12.25],"rotation":270,"texture":"#2"},"west":{"uv":[5.625,11.25,5.375,11],"rotation":270,"texture":"#2"},"up":{"uv":[4.25,10.5,4.5,12.25],"rotation":270,"texture":"#2"},"down":{"uv":[3.875,8,4.125,9.75],"rotation":270,"texture":"#2"}}},{"name":"cube inverted","from":[13,11.1,0],"to":[3,5.1,-11],"rotation":{"angle":0,"axis":"y","origin":[0,-8,2]},"faces":{"north":{"uv":[4.375,8.5,5.625,7.75],"texture":"#2"},"east":{"uv":[4.25,8.5,5.625,7.75],"texture":"#2"},"south":{"uv":[4.25,8.5,5.5,7.75],"texture":"#2"},"west":{"uv":[4.25,8.5,5.625,7.75],"texture":"#2"},"up":{"uv":[4.25,6.25,5.5,7.625],"texture":"#2"},"down":{"uv":[4.25,8.625,5.5,10],"texture":"#2"}}},{"from":[3,5.1,-11],"to":[13,11.1,0],"rotation":{"angle":0,"axis":"y","origin":[0,-8,2]},"faces":{"north":{"uv":[4.25,7.75,5.5,8.5],"texture":"#2"},"east":{"uv":[4.25,7.75,5.625,8.5],"texture":"#2"},"south":{"uv":[4.375,7.75,5.625,8.5],"texture":"#2"},"west":{"uv":[4.25,7.75,5.625,8.5],"texture":"#2"},"up":{"uv":[5.5,8.625,4.25,10],"texture":"#2"},"down":{"uv":[5.5,6.25,4.25,7.625],"texture":"#2"}}},{"from":[18,-5.5,22.5],"to":[22,-1.5,26.5],"rotation":{"angle":0,"axis":"y","origin":[0,-8,2]},"faces":{"north":{"uv":[1.75,10.125,2.125,10.5],"texture":"#2"},"east":{"uv":[1.75,10.125,2.125,10.5],"texture":"#2"},"south":{"uv":[1.75,10.125,2.125,10.5],"texture":"#2"},"west":{"uv":[1.75,10.125,2.125,10.5],"texture":"#2"},"up":{"uv":[2.125,10.125,2.5,10.5],"texture":"#2"},"down":{"uv":[2.125,10.125,2.5,10.5],"texture":"#2"}}},{"from":[18,-5.5,18.5],"to":[22,-1.5,22.5],"rotation":{"angle":0,"axis":"y","origin":[0,-8,2]},"faces":{"north":{"uv":[1.75,10.125,2.125,10.5],"texture":"#2"},"east":{"uv":[1.75,10.125,2.125,10.5],"texture":"#2"},"south":{"uv":[1.75,10.125,2.125,10.5],"texture":"#2"},"west":{"uv":[1.75,10.125,2.125,10.5],"texture":"#2"},"up":{"uv":[2.125,10.125,2.5,10.5],"texture":"#2"},"down":{"uv":[2.125,10.125,2.5,10.5],"texture":"#2"}}},{"from":[22,-5.5,16.5],"to":[26,-1.5,20.5],"rotation":{"angle":0,"axis":"y","origin":[0,-8,2]},"faces":{"north":{"uv":[1.75,10.125,2.125,10.5],"texture":"#2"},"east":{"uv":[1.75,10.125,2.125,10.5],"texture":"#2"},"south":{"uv":[1.75,10.125,2.125,10.5],"texture":"#2"},"west":{"uv":[1.75,10.125,2.125,10.5],"texture":"#2"},"up":{"uv":[2.125,10.125,2.5,10.5],"texture":"#2"},"down":{"uv":[2.125,10.125,2.5,10.5],"texture":"#2"}}},{"from":[22,-5.5,21.5],"to":[26,-1.5,25.5],"rotation":{"angle":0,"axis":"y","origin":[0,-8,2]},"faces":{"north":{"uv":[1.75,10.125,2.125,10.5],"texture":"#2"},"east":{"uv":[1.75,10.125,2.125,10.5],"texture":"#2"},"south":{"uv":[1.75,10.125,2.125,10.5],"texture":"#2"},"west":{"uv":[1.75,10.125,2.125,10.5],"texture":"#2"},"up":{"uv":[2.125,10.125,2.5,10.5],"texture":"#2"},"down":{"uv":[2.125,10.125,2.5,10.5],"texture":"#2"}}},{"from":[22,-2.5,21.5],"to":[26,1.5,25.5],"rotation":{"angle":0,"axis":"y","origin":[0,-8,2]},"faces":{"north":{"uv":[1.75,10.125,2.125,10.5],"texture":"#2"},"east":{"uv":[1.75,10.125,2.125,10.5],"texture":"#2"},"south":{"uv":[1.75,10.125,2.125,10.5],"texture":"#2"},"west":{"uv":[1.75,10.125,2.125,10.5],"texture":"#2"},"up":{"uv":[2.125,10.125,2.5,10.5],"texture":"#2"},"down":{"uv":[2.125,10.125,2.5,10.5],"texture":"#2"}}},{"from":[19,-2.5,17],"to":[23,1.5,21],"rotation":{"angle":0,"axis":"y","origin":[0,-8,2]},"faces":{"north":{"uv":[1.75,10.125,2.125,10.5],"texture":"#2"},"east":{"uv":[1.75,10.125,2.125,10.5],"texture":"#2"},"south":{"uv":[1.75,10.125,2.125,10.5],"texture":"#2"},"west":{"uv":[1.75,10.125,2.125,10.5],"texture":"#2"},"up":{"uv":[2.125,10.125,2.5,10.5],"texture":"#2"},"down":{"uv":[2.125,10.125,2.5,10.5],"texture":"#2"}}},{"from":[17,-5.9,16],"to":[27,0.1,27],"rotation":{"angle":0,"axis":"y","origin":[0,-8,2]},"faces":{"north":{"uv":[4.25,7.75,5.5,8.5],"texture":"#2"},"east":{"uv":[4.25,7.75,5.625,8.5],"texture":"#2"},"south":{"uv":[4.375,7.75,5.625,8.5],"texture":"#2"},"west":{"uv":[4.25,7.75,5.625,8.5],"texture":"#2"},"up":{"uv":[5.5,8.625,4.25,10],"texture":"#2"},"down":{"uv":[5.5,6.25,4.25,7.625],"texture":"#2"}}},{"name":"cube inverted","from":[27,0.1,27],"to":[17,-5.9,16],"rotation":{"angle":0,"axis":"y","origin":[0,-8,2]},"faces":{"north":{"uv":[4.375,8.5,5.625,7.75],"texture":"#2"},"east":{"uv":[4.25,8.5,5.625,7.75],"texture":"#2"},"south":{"uv":[4.25,8.5,5.5,7.75],"texture":"#2"},"west":{"uv":[4.25,8.5,5.625,7.75],"texture":"#2"},"up":{"uv":[4.25,6.25,5.5,7.625],"texture":"#2"},"down":{"uv":[4.25,8.625,5.5,10],"texture":"#2"}}},{"from":[0,0,-14],"to":[16,5,14],"rotation":{"angle":0,"axis":"y","origin":[0,-8,2]},"faces":{"north":{"uv":[3.625,4.875,5.625,6.125],"texture":"#2"},"east":{"uv":[0,4.875,3.5,6.125],"texture":"#2"},"south":{"uv":[3.625,4.875,5.625,6.125],"texture":"#2"},"west":{"uv":[0,4.875,3.5,6.125],"texture":"#2"},"up":{"uv":[4.125,9.75,2.125,6.25],"texture":"#2"},"down":{"uv":[4.125,6.25,2.125,9.75],"texture":"#2"}}}],"display":{"thirdperson_righthand":{"rotation":[60,-160,0],"translation":[-2.75,10.25,-2.25],"scale":[0.5,0.5,0.5]},"thirdperson_lefthand":{"rotation":[60,-160,0],"translation":[-2.75,10.25,-2.25],"scale":[0.5,0.5,0.5]},"firstperson_righthand":{"rotation":[0,-73,6],"translation":[0,1.75,0],"scale":[0.3,0.3,0.3]},"firstperson_lefthand":{"rotation":[0,-73,6],"translation":[0,1.75,0],"scale":[0.3,0.3,0.3]},"ground":{"translation":[0,1.5,3],"scale":[0.3,0.3,0.3]},"gui":{"rotation":[13,-65,-8],"translation":[0,-0.25,0],"scale":[0.3,0.3,0.3]},"head":{"translation":[0,-17.65,1.5],"scale":[1.6,1.6,1.6]},"fixed":{"rotation":[-90,-180,0],"translation":[0,0,-41.9],"scale":[3,3,3]}},"groups":[{"name":"group","origin":[0,-8,2],"color":0,"nbt":"{}","children":[0,1,2,3]},{"name":"group","origin":[0,-8,2],"color":0,"nbt":"{}","children":[4,5,6,7]},{"name":"group","origin":[0,-8,2],"color":0,"nbt":"{}","children":[8,9,10,11]},{"name":"group","origin":[0,-8,2],"color":0,"nbt":"{}","children":[12,13,14,15]},{"name":"group","origin":[0,-8,2],"color":0,"nbt":"{}","children":[16,17]},{"name":"group","origin":[0,-8,2],"color":0,"nbt":"{}","children":[18,19]},20,21,22,23,24,25,{"name":"group","origin":[0.32916,29.15969,-0.0664],"color":0,"nbt":"{}","children":[26,27,28,29,30,31,32,33]},34,35,36,37,{"name":"box","origin":[0,-8,2],"color":0,"nbt":"{}","children":[38,39,40,41,42,43,44,45]},46]}