{"credit":"Made with Blockbench","texture_size":[128,128],"textures":{"0":"decorations:outdoor/windmill","1":"decorations:outdoor/windmill_wing","particle":"decorations:outdoor/windmill_wing"},"elements":[{"from":[4,4,0],"to":[12,12,8],"rotation":{"angle":0,"axis":"y","origin":[0,24,0]},"faces":{"north":{"uv":[0,6.5,2,8.5],"texture":"#0"},"east":{"uv":[2,6.5,4,8.5],"texture":"#0"},"south":{"uv":[4,6.5,6,8.5],"texture":"#0"},"west":{"uv":[6,6.5,8,8.5],"texture":"#0"},"up":{"uv":[10,8.5,8,6.5],"texture":"#0"},"down":{"uv":[2,8.5,0,10.5],"texture":"#0"}}},{"from":[6,6,-7],"to":[10,10,4],"rotation":{"angle":0,"axis":"y","origin":[0,24,-13]},"faces":{"north":{"uv":[1.125,11,1.625,11.5],"texture":"#0"},"east":{"uv":[10.375,10.25,13.125,10.75],"texture":"#0"},"south":{"uv":[13,1.125,13.5,1.625],"texture":"#0"},"west":{"uv":[0,10.5,2.75,11],"texture":"#0"},"up":{"uv":[13,2.75,12.5,0],"texture":"#0"},"down":{"uv":[3.25,10.5,2.75,13.25],"texture":"#0"}}},{"from":[7,7,-9],"to":[9,9,-6],"rotation":{"angle":0,"axis":"y","origin":[0,24,-13]},"faces":{"north":{"uv":[5.25,10.5,6,11.25],"texture":"#0"},"east":{"uv":[0,11,0.375,11.75],"texture":"#0"},"south":{"uv":[6,10.5,6.75,11.25],"texture":"#0"},"west":{"uv":[13,0,13.375,0.75],"texture":"#0"},"up":{"uv":[1.125,11.375,0.375,11],"texture":"#0"},"down":{"uv":[13.75,0.75,13,1.125],"texture":"#0"}}},{"from":[-16,-16,-8],"to":[32,32,-8],"rotation":{"angle":0,"axis":"y","origin":[0,24,-13]},"faces":{"north":{"uv":[0,0,6,4],"texture":"#1"},"east":{"uv":[0,11,0.375,11.75],"texture":"#1"},"south":{"uv":[6,10.5,6.75,11.25],"texture":"#1"},"west":{"uv":[13,0,13.375,0.75],"texture":"#1"},"up":{"uv":[1.125,11.375,0.375,11],"texture":"#1"},"down":{"uv":[13.75,0.75,13,1.125],"texture":"#1"}}},{"from":[-16,22,-16],"to":[32,26,-12],"rotation":{"angle":0,"axis":"y","origin":[-17,24,-14]},"faces":{"north":{"uv":[0,3.25,12.5,3.75],"texture":"#0"},"east":{"uv":[1.625,11,2.125,11.5],"texture":"#0"},"south":{"uv":[0,3.75,12.5,4.25],"texture":"#0"},"west":{"uv":[7.25,11,7.75,11.5],"texture":"#0"},"up":{"uv":[12.5,5.25,0,4.75],"texture":"#0"},"down":{"uv":[12.5,4.25,0,4.75],"texture":"#0"}}},{"from":[-16,20,-16],"to":[-4,28,-8],"rotation":{"angle":0,"axis":"y","origin":[0,24,-14]},"faces":{"north":{"uv":[10,7.25,11.5,8.25],"texture":"#0"},"east":{"uv":[3.25,10.5,4.25,11.5],"texture":"#0"},"south":{"uv":[7.75,10,9.25,11],"texture":"#0"},"west":{"uv":[4.25,10.5,5.25,11.5],"texture":"#0"},"up":{"uv":[11.875,9.25,10.375,8.25],"texture":"#0"},"down":{"uv":[11.875,9.25,10.375,10.25],"texture":"#0"}}},{"from":[-16,6,-14],"to":[32,32,-14],"rotation":{"angle":0,"axis":"y","origin":[-8,24,-14]},"faces":{"north":{"uv":[10.5,0,0,3.25],"texture":"#0"},"south":{"uv":[0,0,10.5,3.25],"texture":"#0"}}},{"from":[-16,18,-16],"to":[32,22,-12],"rotation":{"angle":0,"axis":"y","origin":[16,24,-14]},"faces":{"north":{"uv":[12.5,3.75,0,3.25],"texture":"#0"},"east":{"uv":[7.75,11.5,7.25,11],"texture":"#0"},"south":{"uv":[12.5,4.25,0,3.75],"texture":"#0"},"west":{"uv":[2.125,11.5,1.625,11],"texture":"#0"},"up":{"uv":[0,4.75,12.5,4.25],"texture":"#0"},"down":{"uv":[0,4.75,12.5,5.25],"texture":"#0"}}},{"from":[4,16,-16],"to":[16,24,-8],"rotation":{"angle":0,"axis":"y","origin":[0,24,-14]},"faces":{"north":{"uv":[11.5,8.25,10,7.25],"texture":"#0"},"east":{"uv":[5.25,11.5,4.25,10.5],"texture":"#0"},"south":{"uv":[9.25,11,7.75,10],"texture":"#0"},"west":{"uv":[4.25,11.5,3.25,10.5],"texture":"#0"},"up":{"uv":[10.375,10.25,11.875,9.25],"texture":"#0"},"down":{"uv":[10.375,8.25,11.875,9.25],"texture":"#0"}}},{"from":[-16,-8,-14],"to":[32,18,-14],"rotation":{"angle":0,"axis":"y","origin":[8,24,-14]},"faces":{"north":{"uv":[0,3.25,10.5,0],"texture":"#0"},"south":{"uv":[10.5,3.25,0,0],"texture":"#0"}}},{"from":[-2,-16,-16],"to":[2,32,-12],"rotation":{"angle":0,"axis":"y","origin":[0,40,-14]},"faces":{"north":{"uv":[12.5,3.75,0,3.25],"rotation":90,"texture":"#0"},"east":{"uv":[0,4.75,12.5,5.25],"rotation":270,"texture":"#0"},"south":{"uv":[12.5,4.25,0,3.75],"rotation":270,"texture":"#0"},"west":{"uv":[0,4.75,12.5,4.25],"rotation":270,"texture":"#0"},"up":{"uv":[7.75,11.5,7.25,11],"rotation":270,"texture":"#0"},"down":{"uv":[2.125,11.5,1.625,11],"rotation":270,"texture":"#0"}}},{"from":[-4,20,-16],"to":[4,32,-8],"rotation":{"angle":0,"axis":"y","origin":[0,24,-14]},"faces":{"north":{"uv":[11.5,8.25,10,7.25],"rotation":90,"texture":"#0"},"east":{"uv":[10.375,8.25,11.875,9.25],"rotation":270,"texture":"#0"},"south":{"uv":[9.25,11,7.75,10],"rotation":270,"texture":"#0"},"west":{"uv":[10.375,10.25,11.875,9.25],"rotation":270,"texture":"#0"},"up":{"uv":[5.25,11.5,4.25,10.5],"rotation":270,"texture":"#0"},"down":{"uv":[4.25,11.5,3.25,10.5],"rotation":270,"texture":"#0"}}},{"from":[2,-16,-14],"to":[28,32,-14],"rotation":{"angle":0,"axis":"y","origin":[0,32,-14]},"faces":{"north":{"uv":[10.5,3.25,0,0],"rotation":90,"texture":"#0"},"south":{"uv":[0,3.25,10.5,0],"rotation":270,"texture":"#0"}}},{"from":[4,-16,-16],"to":[8,32,-12],"rotation":{"angle":0,"axis":"y","origin":[0,8,-14]},"faces":{"north":{"uv":[0,3.25,12.5,3.75],"rotation":90,"texture":"#0"},"east":{"uv":[12.5,4.25,0,4.75],"rotation":270,"texture":"#0"},"south":{"uv":[0,3.75,12.5,4.25],"rotation":270,"texture":"#0"},"west":{"uv":[12.5,5.25,0,4.75],"rotation":270,"texture":"#0"},"up":{"uv":[1.625,11,2.125,11.5],"rotation":270,"texture":"#0"},"down":{"uv":[7.25,11,7.75,11.5],"rotation":270,"texture":"#0"}}},{"from":[2,8,-16],"to":[10,20,-8],"rotation":{"angle":0,"axis":"y","origin":[0,24,-14]},"faces":{"north":{"uv":[10,7.25,11.5,8.25],"rotation":90,"texture":"#0"},"east":{"uv":[11.875,9.25,10.375,10.25],"rotation":270,"texture":"#0"},"south":{"uv":[7.75,10,9.25,11],"rotation":270,"texture":"#0"},"west":{"uv":[11.875,9.25,10.375,8.25],"rotation":270,"texture":"#0"},"up":{"uv":[3.25,10.5,4.25,11.5],"rotation":270,"texture":"#0"},"down":{"uv":[4.25,10.5,5.25,11.5],"rotation":270,"texture":"#0"}}},{"from":[-10,-16,-14],"to":[16,32,-14],"rotation":{"angle":0,"axis":"y","origin":[0,16,-14]},"faces":{"north":{"uv":[0,0,10.5,3.25],"rotation":90,"texture":"#0"},"south":{"uv":[10.5,0,0,3.25],"rotation":270,"texture":"#0"}}},{"from":[-8,16,-8],"to":[8,32,8],"faces":{"north":{"uv":[0,0,2,2],"texture":"#0"},"east":{"uv":[0,0,2,2],"texture":"#0"},"south":{"uv":[0,0,2,2],"texture":"#0"},"west":{"uv":[0,0,2,2],"texture":"#0"},"up":{"uv":[0,0,2,2],"texture":"#0"},"down":{"uv":[0,0,2,2],"texture":"#0"}}}],"groups":[{"name":"PusangGala","origin":[0,32,0],"color":0,"nbt":"{}","children":[0,{"name":"wholeblades","origin":[0,24,-14],"color":0,"nbt":"{}","children":[{"name":"bone5","origin":[0,24,-14],"color":0,"nbt":"{}","children":[1,2,3]},{"name":"WindmillWings","origin":[0,24,-14],"color":0,"nbt":"{}","children":[4,5,6]},{"name":"WindmillWings2","origin":[0,24,-14],"color":0,"nbt":"{}","children":[7,8,9]},{"name":"WindmillWings3","origin":[0,24,-14],"color":0,"nbt":"{}","children":[10,11,12]},{"name":"WindmillWings4","origin":[0,24,-14],"color":0,"nbt":"{}","children":[13,14,15]}]}]},{"name":"hitbox","origin":[0,60,-14],"color":0,"nbt":"{}","children":[16]}]}