{"sources":[{"source":"misc","prefix":"misc/","type":"directory"},{"source":"dungeon","prefix":"dungeon/","type":"directory"},{"source":"logo","prefix":"logo/","type":"directory"},{"source":"weapons","prefix":"weapons/","type":"directory"},{"source":"keys","prefix":"keys/","type":"directory"},{"source":"books","prefix":"books/","type":"directory"},{"source":"construction","prefix":"construction/","type":"directory"},{"source":"custom_blocks","prefix":"custom_blocks/","type":"directory"},{"source":"currency","prefix":"currency/","type":"directory"},{"source":"indoor","prefix":"indoor/","type":"directory"},{"source":"outdoor","prefix":"outdoor/","type":"directory"},{"source":"seashore","prefix":"seashore/","type":"directory"},{"source":"wardrobe","prefix":"wardrobe/","type":"directory"},{"source":"entity","prefix":"entity/","type":"directory"},{"source":"gui","prefix":"gui/","type":"directory"},{"source":"custom/item","prefix":"custom/item/","type":"directory"},{"source":"custom","prefix":"custom/","type":"directory"},{"source":"custom/menu","prefix":"custom/menu/","type":"directory"},{"source":"custom/particles","prefix":"custom/particles/","type":"directory"},{"source":"custom/spray","prefix":"custom/spray/","type":"directory"},{"source":"icons","prefix":"icons/","type":"directory"},{"source":"dcutscenes/icons","prefix":"dcutscenes/icons/","type":"directory"}]}