{"credit":"Made with Blockbench","texture_size":[64,64],"textures":{"0":"dungeon:dungeon/fake_blocks","particle":"dungeon:dungeon/fake_blocks"},"elements":[{"from":[0,0,0],"to":[16,16,16],"faces":{"north":{"uv":[8,12,12,16],"texture":"#0"},"east":{"uv":[8,8,12,12],"texture":"#0"},"south":{"uv":[8,8,12,12],"texture":"#0"},"west":{"uv":[8,8,12,12],"texture":"#0"},"up":{"uv":[12,12,8,8],"texture":"#0"},"down":{"uv":[12,12,8,8],"texture":"#0"}}}],"display":{"thirdperson_righthand":{"scale":[0.31,0.31,0.31]},"thirdperson_lefthand":{"scale":[0.31,0.31,0.31]},"firstperson_righthand":{"scale":[0.31,0.31,0.31]},"firstperson_lefthand":{"scale":[0.31,0.31,0.31]},"ground":{"scale":[0.31,0.31,0.31]},"gui":{"rotation":[30,45,0],"translation":[0.25,0,0],"scale":[0.62,0.62,0.62]},"fixed":{"rotation":[90,-180,-180],"translation":[0,0,-16],"scale":[2,2,2]}}}