{"elements":[{"from":[3.5,0,9.5],"to":[7.5,1,11.5],"rotation":{"angle":-45,"axis":"y","origin":[7.5,0.5,11]},"faces":{"north":{"uv":[0,10.5,2,11],"texture":"#1"},"east":{"uv":[1,10,1.5,11],"rotation":270,"texture":"#1"},"south":{"uv":[0,10.5,2,11],"texture":"#1"},"west":{"uv":[1,11,0.5,10],"rotation":270,"texture":"#1"},"up":{"uv":[0,11,2,10],"texture":"#1"},"down":{"uv":[0,10,2,11],"texture":"#1"}}},{"from":[4.5,0,1.4],"to":[7.5,1,4.4],"rotation":{"angle":-22.5,"axis":"y","origin":[7.5,0.5,11]},"faces":{"north":{"uv":[3.5,3.125,3.75,3.875],"rotation":90,"texture":"#1"},"east":{"uv":[4,3.1,4.25,3.85],"rotation":90,"texture":"#1"},"south":{"uv":[4,3.875,4.25,3.125],"rotation":90,"texture":"#1"},"west":{"uv":[3.5,3.85,3.75,3.1],"rotation":90,"texture":"#1"},"up":{"uv":[3.8125,3.3,4.1875,3.675],"texture":"#1"},"down":{"uv":[3.8125,3.675,4.1875,3.3],"texture":"#1"}}},{"from":[3.67357,0,1.5454],"to":[5.67357,1,3.5454],"rotation":{"angle":22.5,"axis":"y","origin":[4.17357,0.5,2.0454]},"faces":{"north":{"uv":[1,11.5,1.5,12.5],"rotation":270,"texture":"#1"},"east":{"uv":[0,11.5,0.5,12.5],"rotation":270,"texture":"#1"},"south":{"uv":[1,12,0,11.5],"rotation":270,"texture":"#1"},"west":{"uv":[1,11.5,1.5,12.5],"rotation":270,"texture":"#1"},"up":{"uv":[1,12.5,0,11.5],"texture":"#1"},"down":{"uv":[1,11.5,0,12.5],"texture":"#1"}}},{"from":[8.67357,0,9.5454],"to":[10.67357,1,11.5454],"rotation":{"angle":22.5,"axis":"y","origin":[4.17357,0.5,2.0454]},"faces":{"north":{"uv":[3,11.5,4.5,12],"texture":"#1"},"east":{"uv":[3,11.5,3.5,13],"rotation":90,"texture":"#1","tintindex":0},"south":{"uv":[4.5,12,3,13],"texture":"#1"},"west":{"uv":[3,12.5,4.5,13],"texture":"#1"},"up":{"uv":[4.5,11.5,3,13],"texture":"#1"},"down":{"uv":[4.5,13,3,11.5],"texture":"#1"}}},{"from":[2.5,0,11.5],"to":[8.5,1,15.5],"rotation":{"angle":-45,"axis":"y","origin":[7.5,0.5,11]},"faces":{"north":{"uv":[2,10.5,0,11],"texture":"#1"},"east":{"uv":[0,10,0.5,8],"rotation":90,"texture":"#1"},"south":{"uv":[0,8,3,8.5],"texture":"#1"},"west":{"uv":[2.5,8,3,10],"rotation":90,"texture":"#1"},"up":{"uv":[0,10,3,8],"texture":"#1"},"down":{"uv":[0,8,3,10],"texture":"#1"}}},{"from":[2.5,0.5,10.5],"to":[8.5,0.5,16.5],"rotation":{"angle":-45,"axis":"y","origin":[7.5,0.5,11]},"faces":{"north":{"uv":[0,0,6,0],"texture":"#missing"},"east":{"uv":[0,0,6,0],"texture":"#missing"},"south":{"uv":[0,0,6,0],"texture":"#missing"},"west":{"uv":[0,0,6,0],"texture":"#missing"},"up":{"uv":[4,8.5,6,10],"texture":"#1"},"down":{"uv":[3.5,11,5.5,9.5],"texture":"#1"}}}],"texture_size":[128,128],"textures":{"1":"custom_blocks/sea_props","particle":"block/diorite"}}