{"elements":[{"from":[10.39115,0,3.70306],"to":[13.39115,1,6.70306],"rotation":{"angle":0,"axis":"y","origin":[8.8458,0.5,8.09358]},"faces":{"north":{"uv":[0.5,10.25,0.75,11],"rotation":90,"texture":"#1"},"east":{"uv":[0,10.75,0.75,11],"texture":"#1"},"south":{"uv":[0,10.25,0.25,11],"rotation":270,"texture":"#1"},"west":{"uv":[0,10.25,0.75,10.5],"rotation":180,"texture":"#1"},"up":{"uv":[0,10.25,0.75,11],"rotation":270,"texture":"#1"},"down":{"uv":[0,10.25,0.75,11],"texture":"#1"}}},{"from":[2.19811,0,6.51363],"to":[6.19811,1,10.51363],"rotation":{"angle":-22.5,"axis":"y","origin":[8.8458,0.5,8.09358]},"faces":{"north":{"uv":[0,12.5,1,12],"texture":"#1"},"east":{"uv":[0.5,11.625,1,12.375],"rotation":270,"texture":"#1"},"south":{"uv":[1.5,12,0.5,11.5],"texture":"#1"},"west":{"uv":[1,11.5,1.5,12.5],"rotation":90,"texture":"#1"},"up":{"uv":[0.5,11.5,1.5,12.5],"rotation":180,"texture":"#1"},"down":{"uv":[0.5,12.5,1.5,11.5],"rotation":180,"texture":"#1"}}},{"from":[11.86949,0,9.12421],"to":[13.86949,1,11.12421],"rotation":{"angle":-45,"axis":"y","origin":[8.8458,0.5,8.09358]},"faces":{"north":{"uv":[0,10.75,0.5,11],"texture":"#1"},"east":{"uv":[0,10.25,0.25,10.75],"rotation":270,"texture":"#1"},"south":{"uv":[0,8,0.5,8.5],"rotation":270,"texture":"#1"},"west":{"uv":[0.25,10.25,0.5,10.75],"rotation":90,"texture":"#1"},"up":{"uv":[1,8,0,9],"rotation":180,"texture":"#1"},"down":{"uv":[0,9,1,8],"rotation":180,"texture":"#1"}}}],"texture_size":[128,128],"textures":{"1":"custom_blocks/sea_props","particle":"block/diorite"}}