{"display":{"thirdperson_righthand":{"rotation":[63,34,0],"translation":[0,1,-1],"scale":[0.37891,0.37891,0.37891]},"thirdperson_lefthand":{"rotation":[63,34,0],"translation":[0,1,-1],"scale":[0.37891,0.37891,0.37891]},"firstperson_righthand":{"rotation":[3,112,-13],"translation":[9.5,0,-5.75],"scale":[0.35547,0.35547,0.35547]},"firstperson_lefthand":{"rotation":[3,112,-13],"translation":[9.5,0,-5.75],"scale":[0.35547,0.35547,0.35547]},"ground":{"translation":[0,4.25,0],"scale":[0.28906,0.28906,0.28906]},"gui":{"rotation":[-155.47,-35.06,-179.51],"translation":[-0.25,1.25,0],"scale":[0.79258,0.79258,0.79258]},"head":{"translation":[0,-30.5,0],"scale":[1.6,1.6,1.6]},"fixed":{"translation":[0,-3.25,-7.5]}},"parent":"block/block","ambientocclusion":false,"texture_size":[128,128],"textures":{"0":"custom_blocks/sea_props","particle":"block/stone"},"elements":[{"from":[2,0,9],"to":[7,2,14],"faces":{"north":{"uv":[8,4,10.5,4.975],"texture":"#0"},"east":{"uv":[8,4,10.5,4.975],"texture":"#0"},"south":{"uv":[8,4,10.5,4.975],"texture":"#0"},"west":{"uv":[8,4,10.5,4.975],"texture":"#0"},"up":{"uv":[8,1.5,10.475,3.975],"texture":"#0"},"down":{"uv":[8,3.975,10.475,1.5],"texture":"#0"}}},{"from":[10,0,9],"to":[12,1,11],"faces":{"north":{"uv":[13.5,2.975,14.475,2.5],"texture":"#0"},"east":{"uv":[13.5,2.975,14.475,2.5],"texture":"#0"},"south":{"uv":[13.5,2.975,14.475,2.5],"texture":"#0"},"west":{"uv":[13.5,2.975,14.475,2.5],"texture":"#0"},"up":{"uv":[13.5,2.475,14.475,1.5],"texture":"#0"},"down":{"uv":[13.5,2.475,14.475,1.5],"texture":"#0"}}},{"from":[11,0,12],"to":[13,1,14],"rotation":{"angle":-22.5,"axis":"y","origin":[11,0.5,10]},"faces":{"north":{"uv":[13.5,2.975,14.475,2.5],"texture":"#0"},"east":{"uv":[13.5,2.975,14.475,2.5],"texture":"#0"},"south":{"uv":[13.5,2.975,14.475,2.5],"texture":"#0"},"west":{"uv":[13.5,2.975,14.475,2.5],"texture":"#0"},"up":{"uv":[13.5,2.475,14.475,1.5],"rotation":270,"texture":"#0"},"down":{"uv":[13.5,2.475,14.475,1.5],"rotation":90,"texture":"#0"}}},{"from":[5,0,2],"to":[9,1,6],"rotation":{"angle":45,"axis":"y","origin":[7,0.5,4]},"faces":{"north":{"uv":[11,3.975,12.975,3.5],"texture":"#0"},"east":{"uv":[11,3.975,12.975,3.5],"texture":"#0"},"south":{"uv":[11,3.975,12.975,3.5],"texture":"#0"},"west":{"uv":[11,3.975,12.975,3.5],"texture":"#0"},"up":{"uv":[11,1.5,12.975,3.475],"texture":"#0"},"down":{"uv":[11,3.475,12.975,1.5],"texture":"#0"}}}]}