{"display":{"thirdperson_righthand":{"rotation":[63,34,0],"translation":[0,1,-1],"scale":[0.37891,0.37891,0.37891]},"thirdperson_lefthand":{"rotation":[63,34,0],"translation":[0,1,-1],"scale":[0.37891,0.37891,0.37891]},"firstperson_righthand":{"rotation":[3,112,-13],"translation":[9.5,0,-5.75],"scale":[0.35547,0.35547,0.35547]},"firstperson_lefthand":{"rotation":[3,112,-13],"translation":[9.5,0,-5.75],"scale":[0.35547,0.35547,0.35547]},"ground":{"translation":[0,4.25,0],"scale":[0.28906,0.28906,0.28906]},"gui":{"rotation":[-155.47,-35.06,-179.51],"translation":[-0.25,1.25,0],"scale":[0.79258,0.79258,0.79258]},"head":{"translation":[0,-30.5,0],"scale":[1.6,1.6,1.6]},"fixed":{"translation":[0,-3.25,-7.5]}},"parent":"block/block","ambientocclusion":false,"texture_size":[128,128],"textures":{"0":"custom_blocks/sea_props","particle":"block/stone"},"elements":[{"from":[10,0,3],"to":[12,1,5],"faces":{"north":{"uv":[13.5,3,14.5,2.5],"texture":"#0"},"east":{"uv":[13.5,3,14.5,2.5],"texture":"#0"},"south":{"uv":[13.5,3,14.5,2.5],"texture":"#0"},"west":{"uv":[13.5,3,14.5,2.5],"texture":"#0"},"up":{"uv":[13.5,2.5,14.5,1.5],"texture":"#0"},"down":{"uv":[13.5,3,14,2.5],"texture":"#0"}}},{"from":[5,0,5],"to":[7,1,7],"rotation":{"angle":22.5,"axis":"y","origin":[0,0,0]},"faces":{"north":{"uv":[13.5,3,14.5,2.5],"texture":"#0"},"east":{"uv":[13.5,3,14.5,2.5],"texture":"#0"},"south":{"uv":[13.5,3,14.5,2.5],"texture":"#0"},"west":{"uv":[13.5,3,14.5,2.5],"texture":"#0"},"up":{"uv":[13.5,2.5,14.5,1.5],"texture":"#0"},"down":{"uv":[13.5,3,14,2.5],"texture":"#0"}}},{"from":[12,0,6],"to":[14,1,8],"rotation":{"angle":22.5,"axis":"y","origin":[13,0.5,7]},"faces":{"north":{"uv":[13.5,3,14.5,2.5],"texture":"#0"},"east":{"uv":[13.5,3,14.5,2.5],"texture":"#0"},"south":{"uv":[13.5,3,14.5,2.5],"texture":"#0"},"west":{"uv":[13.5,3,14.5,2.5],"texture":"#0"},"up":{"uv":[13.5,2.5,14.5,1.5],"texture":"#0"},"down":{"uv":[13.5,3,14,2.5],"texture":"#0"}}},{"from":[3,0,9],"to":[7,1,13],"faces":{"north":{"uv":[11,4,13,3.5],"texture":"#0"},"east":{"uv":[11,4,13,3.5],"texture":"#0"},"south":{"uv":[11,4,13,3.5],"texture":"#0"},"west":{"uv":[11,4,13,3.5],"texture":"#0"},"up":{"uv":[11,1.5,13,3.5],"texture":"#0"},"down":{"uv":[11,3.5,13,1.5],"texture":"#0"}}}]}