{"credit":"MadewithBlockbench","texture_size":[128,128],"textures":{"1":"decorations:indoor/bedroom_1","particle":"decorations:indoor/bedroom_1"},"elements":[{"from":[7,2,7],"to":[9,8,9],"faces":{"north":{"uv":[0.25,9.25,0.5,10],"texture":"#1","tintindex":0},"east":{"uv":[0,9.25,0.25,10],"texture":"#1","tintindex":0},"south":{"uv":[0.25,9.25,0.5,10],"texture":"#1","tintindex":0},"west":{"uv":[0,9.25,0.25,10],"texture":"#1","tintindex":0},"up":{"uv":[0.25,9,0.5,9.25],"texture":"#1","tintindex":0},"down":{"uv":[0.5,9,0.75,9.25],"texture":"#1","tintindex":0}}},{"from":[6,8,6],"to":[10,14,10],"faces":{"north":{"uv":[0.125,10.875,0.625,11.625],"texture":"#1"},"east":{"uv":[0.125,10.875,0.625,11.625],"texture":"#1"},"south":{"uv":[0.125,10.875,0.625,11.625],"texture":"#1"},"west":{"uv":[0.125,10.875,0.625,11.625],"texture":"#1"},"up":{"uv":[0.625,10.875,0.125,10.375],"texture":"#1"},"down":{"uv":[0.625,10.875,0.125,10.375],"texture":"#1"}}},{"from":[3,16,3],"to":[13,16,13],"faces":{"north":{"uv":[1.25,2.625,2.5,2.625],"texture":"#1"},"east":{"uv":[0,2.625,1.25,2.625],"texture":"#1"},"south":{"uv":[3.75,2.625,5,2.625],"texture":"#1"},"west":{"uv":[2.5,2.625,3.75,2.625],"texture":"#1"},"up":{"uv":[1.25,10.25,2.5,9],"texture":"#1"},"down":{"uv":[1.25,10.25,2.5,9],"texture":"#1"}}},{"from":[3,8,3],"to":[13,8,13],"faces":{"north":{"uv":[1.25,2.625,2.5,2.625],"texture":"#1"},"east":{"uv":[0,2.625,1.25,2.625],"texture":"#1"},"south":{"uv":[3.75,2.625,5,2.625],"texture":"#1"},"west":{"uv":[2.5,2.625,3.75,2.625],"texture":"#1"},"up":{"uv":[1.25,10.25,2.5,9],"texture":"#1"},"down":{"uv":[1.25,10.25,2.5,9],"texture":"#1"}}},{"from":[3,6,3],"to":[13,17,13],"faces":{"north":{"uv":[2.75,9,4,10.375],"texture":"#1"},"east":{"uv":[2.75,9,4,10.375],"texture":"#1"},"south":{"uv":[2.75,9,4,10.375],"texture":"#1"},"west":{"uv":[2.75,9,4,10.375],"texture":"#1"},"up":{"uv":[1.25,11.625,2.5,10.375],"texture":"#1"},"down":{"uv":[1.25,11.625,2.5,10.375],"texture":"#1"}}},{"from":[4,0,4],"to":[12,2,12],"faces":{"north":{"uv":[1,12.75,2,13],"texture":"#1","tintindex":0},"east":{"uv":[0,12.75,1,13],"texture":"#1","tintindex":0},"south":{"uv":[1,12.75,0,13],"texture":"#1","tintindex":0},"west":{"uv":[1,12.75,2,13],"texture":"#1","tintindex":0},"up":{"uv":[2,12.75,1,11.75],"texture":"#1","tintindex":0},"down":{"uv":[2,12.625,1.875,12.75],"texture":"#1","tintindex":0}}},{"name":"cube inverted","from":[13,17,13],"to":[3,6,3],"faces":{"north":{"uv":[2.75,10.375,4,9],"texture":"#1"},"east":{"uv":[2.75,10.375,4,9],"texture":"#1"},"south":{"uv":[2.75,10.375,4,9],"texture":"#1"},"west":{"uv":[2.75,10.375,4,9],"texture":"#1"},"up":{"uv":[2.5,11.625,1.25,10.375],"texture":"#1"},"down":{"uv":[2.5,11.625,1.25,10.375],"texture":"#1"}}}],"display":{"thirdperson_righthand":{"rotation":[60,-160,0],"translation":[-0.75,2,-1.5],"scale":[-0.6,0.6,-0.6]},"thirdperson_lefthand":{"rotation":[60,-160,0],"translation":[-0.75,2,-1.5],"scale":[-0.6,0.6,-0.6]},"firstperson_righthand":{"rotation":[0,-73,6],"translation":[1.5,2,0],"scale":[-0.4,0.4,-0.4]},"firstperson_lefthand":{"rotation":[0,-73,6],"translation":[1.5,2,0],"scale":[-0.4,0.4,-0.4]},"ground":{"translation":[0,1.5,0],"scale":[0.35,0.35,0.35]},"gui":{"rotation":[30,-40,0],"translation":[0,-0.75,0],"scale":[-0.55,0.55,-0.55]},"head":{"translation":[0,-30.4,0],"scale":[-1.6,1.6,-1.6]},"fixed":{"rotation":[-90,0,0],"translation":[0,0,-16],"scale":[2,2,2]}}}