{"credit":"Made with Blockbench","textures":{"0":"decorations:indoor/curtain","particle":"decorations:indoor/curtain"},"elements":[{"from":[-8,16,14],"to":[24,18,16],"faces":{"north":{"uv":[0,0,8,0.5],"texture":"#0"},"east":{"uv":[7.5,1,8,1.5],"texture":"#0"},"south":{"uv":[0,0,8,0.5],"texture":"#0"},"west":{"uv":[7.5,1,8,1.5],"texture":"#0"},"up":{"uv":[0,0,8,0.5],"texture":"#0"},"down":{"uv":[0,0.5,8,1],"texture":"#0"}}},{"from":[-8,-11,15],"to":[24,16,15],"faces":{"north":{"uv":[0,1.75,8,8.5],"texture":"#0","tintindex":0},"south":{"uv":[0,1.75,8,8.5],"texture":"#0","tintindex":0}}}],"display":{"thirdperson_righthand":{"rotation":[33,31,0],"translation":[-0.5,1.25,-1.25],"scale":[0.2,0.2,0.2]},"thirdperson_lefthand":{"rotation":[33,31,0],"translation":[-0.5,1.25,-1.25],"scale":[0.2,0.2,0.2]},"firstperson_righthand":{"rotation":[0,110,0],"translation":[12.25,1,-9.75]},"firstperson_lefthand":{"rotation":[0,110,0],"translation":[12.25,1,-9.75]},"ground":{"translation":[0,9,-2.5],"scale":[0.4,0.4,0.4]},"gui":{"translation":[0,2.25,0],"scale":[0.4,0.4,0.4]},"head":{"translation":[0,-11,-12.25]},"fixed":{"translation":[-16,-4,-16],"scale":[2,2,2]}}}