{"credit":"Made with Blockbench","texture_size":[128,128],"textures":{"0":"decorations:indoor/indoor_1","particle":"decorations:indoor/indoor_1"},"elements":[{"from":[-13,21,4],"to":[-5,30,10],"rotation":{"angle":0,"axis":"y","origin":[0,91,0]},"faces":{"north":{"uv":[11.75,6,12.75,7.125],"texture":"#0"},"east":{"uv":[9.375,6,8.625,7.125],"texture":"#0"},"south":{"uv":[13.125,4.875,14.125,5.375],"texture":"#0"},"west":{"uv":[11.625,6,10.875,7.125],"texture":"#0"},"up":{"uv":[13.125,4.875,14.125,5.625],"texture":"#0"},"down":{"uv":[13.125,4.875,14.125,5.625],"texture":"#0"}}},{"from":[-16,-16,0],"to":[16,-13,16],"rotation":{"angle":0,"axis":"y","origin":[0,91,0]},"faces":{"north":{"uv":[11.875,7.25,15.875,7.625],"texture":"#0","tintindex":0},"east":{"uv":[15.875,7.75,13.875,8.125],"texture":"#0","tintindex":0},"south":{"uv":[11.875,7.25,15.875,7.625],"texture":"#0","tintindex":0},"west":{"uv":[15.875,7.75,13.875,8.125],"texture":"#0","tintindex":0},"up":{"uv":[12,2,16,4],"rotation":180,"texture":"#0","tintindex":0},"down":{"uv":[16,0,12,2],"texture":"#0","tintindex":0}}},{"from":[-15,-13,1],"to":[-13,30,15],"rotation":{"angle":0,"axis":"y","origin":[0,91,0]},"faces":{"north":{"uv":[9,8.25,9.25,13.625],"texture":"#0","tintindex":0},"east":{"uv":[7.125,8.25,8.875,13.625],"texture":"#0","tintindex":0},"south":{"uv":[9.25,8.25,9,13.625],"texture":"#0","tintindex":0},"west":{"uv":[7.125,8.25,8.875,13.625],"texture":"#0","tintindex":0},"up":{"uv":[13.25,9.5,13.375,9.625],"texture":"#0","tintindex":0},"down":{"uv":[13.25,9.5,13.375,9.625],"texture":"#0","tintindex":0}}},{"from":[13,-13,1],"to":[15,30,15],"rotation":{"angle":0,"axis":"y","origin":[0,91,0]},"faces":{"north":{"uv":[9.25,8.25,9,13.625],"texture":"#0","tintindex":0},"east":{"uv":[7.125,8.25,8.875,13.625],"texture":"#0","tintindex":0},"south":{"uv":[9,8.25,9.25,13.625],"texture":"#0","tintindex":0},"west":{"uv":[7.125,8.25,8.875,13.625],"texture":"#0","tintindex":0},"up":{"uv":[13.25,9.5,13.375,9.625],"texture":"#0","tintindex":0},"down":{"uv":[13.25,9.5,13.375,9.625],"texture":"#0","tintindex":0}}},{"from":[-13,-13,13],"to":[13,30,15],"rotation":{"angle":0,"axis":"y","origin":[0,91,0]},"faces":{"north":{"uv":[12.75,8.25,16,13.625],"texture":"#0","tintindex":0},"east":{"uv":[9.25,8.25,9,13.625],"texture":"#0","tintindex":0},"south":{"uv":[9.375,8.25,12.625,13.625],"texture":"#0","tintindex":0},"west":{"uv":[9.25,8.25,9,13.625],"texture":"#0","tintindex":0},"up":{"uv":[9.25,8.25,9,13.625],"texture":"#0","tintindex":0},"down":{"uv":[9.25,8.25,9,13.625],"texture":"#0","tintindex":0}}},{"from":[-13,19,1],"to":[13,21,13],"rotation":{"angle":0,"axis":"y","origin":[0,91,0]},"faces":{"north":{"uv":[9.25,15.375,12.5,15.625],"texture":"#0","tintindex":0},"east":{"uv":[12.75,15.125,13,15.375],"rotation":180,"texture":"#0","tintindex":0},"south":{"uv":[9.25,15.375,12.5,15.625],"texture":"#0","tintindex":0},"west":{"uv":[12.75,15.125,13,15.375],"rotation":180,"texture":"#0","tintindex":0},"up":{"uv":[9.25,13.875,12.5,15.375],"texture":"#0","tintindex":0},"down":{"uv":[12.75,13.875,16,15.375],"rotation":180,"texture":"#0","tintindex":0}}},{"from":[-13,8,1],"to":[13,10,13],"rotation":{"angle":0,"axis":"y","origin":[0,91,0]},"faces":{"north":{"uv":[9.25,15.375,12.5,15.625],"texture":"#0","tintindex":0},"east":{"uv":[12.75,15.125,13,15.375],"rotation":180,"texture":"#0","tintindex":0},"south":{"uv":[9.25,15.375,12.5,15.625],"texture":"#0","tintindex":0},"west":{"uv":[12.75,15.125,13,15.375],"rotation":180,"texture":"#0","tintindex":0},"up":{"uv":[9.25,13.875,12.5,15.375],"rotation":180,"texture":"#0","tintindex":0},"down":{"uv":[12.75,13.875,16,15.375],"rotation":180,"texture":"#0","tintindex":0}}},{"from":[-13,-3,1],"to":[13,-1,13],"rotation":{"angle":0,"axis":"y","origin":[0,91,0]},"faces":{"north":{"uv":[9.25,15.375,12.5,15.625],"texture":"#0","tintindex":0},"east":{"uv":[12.75,15.125,13,15.375],"rotation":180,"texture":"#0","tintindex":0},"south":{"uv":[9.25,15.375,12.5,15.625],"texture":"#0","tintindex":0},"west":{"uv":[12.75,15.125,13,15.375],"rotation":180,"texture":"#0","tintindex":0},"up":{"uv":[9.25,13.875,12.5,15.375],"rotation":180,"texture":"#0","tintindex":0},"down":{"uv":[12.75,13.875,16,15.375],"rotation":180,"texture":"#0","tintindex":0}}},{"from":[-16,30,0],"to":[16,32,16],"rotation":{"angle":0,"axis":"y","origin":[0,91,0]},"faces":{"north":{"uv":[11.875,7.25,15.875,7.5],"texture":"#0","tintindex":0},"east":{"uv":[13.875,7.75,15.875,8],"texture":"#0","tintindex":0},"south":{"uv":[11.875,7.25,15.875,7.5],"texture":"#0","tintindex":0},"west":{"uv":[13.875,7.75,15.875,8],"texture":"#0","tintindex":0},"up":{"uv":[12,2,16,4],"rotation":180,"texture":"#0","tintindex":0},"down":{"uv":[16,0,12,2],"texture":"#0","tintindex":0}}},{"from":[0,21,4],"to":[6,30,10],"rotation":{"angle":0,"axis":"y","origin":[0,91,0]},"faces":{"north":{"uv":[14.5,6,13.75,7.125],"texture":"#0"},"east":{"uv":[10.875,6,10.125,7.125],"texture":"#0"},"south":{"uv":[14.5,4.875,13.75,5.375],"texture":"#0"},"west":{"uv":[8.625,6,9.375,7.125],"texture":"#0"},"up":{"uv":[13.125,4.875,13.875,5.625],"texture":"#0"},"down":{"uv":[13.125,4.875,13.875,5.625],"texture":"#0"}}},{"from":[6,21,4],"to":[12,29,10],"rotation":{"angle":0,"axis":"y","origin":[0,91,0]},"faces":{"north":{"uv":[13.5,6,12.75,7],"texture":"#0"},"east":{"uv":[7.875,6,7.125,7.125],"texture":"#0"},"south":{"uv":[13.125,4.875,13.875,5.375],"texture":"#0"},"west":{"uv":[0,0,0.75,1.125],"texture":"#0"},"up":{"uv":[13.125,4.875,13.875,5.625],"texture":"#0"},"down":{"uv":[13.125,4.875,13.875,5.625],"texture":"#0"}}},{"from":[22.41309,23.02,4.01],"to":[24.39309,32,9.99],"rotation":{"angle":-22.5,"axis":"z","origin":[0,91,0]},"faces":{"north":{"uv":[14.25,6,14.5,7.125],"texture":"#0"},"east":{"uv":[10.875,6,10.125,7.125],"texture":"#0"},"south":{"uv":[13.25,4.875,13.375,5],"rotation":180,"texture":"#0"},"west":{"uv":[10.875,6,10.125,7.125],"texture":"#0"},"up":{"uv":[13.125,4.875,13.375,5.625],"rotation":180,"texture":"#0"},"down":{"uv":[13.125,4.875,13.375,5.625],"rotation":180,"texture":"#0"}}},{"from":[7,-1,4],"to":[13,8,10],"rotation":{"angle":0,"axis":"y","origin":[0,91,0]},"faces":{"north":{"uv":[14.5,6,13.75,7.125],"texture":"#0"},"east":{"uv":[10.875,6,10.125,7.125],"texture":"#0"},"south":{"uv":[14.5,4.875,13.75,5.375],"texture":"#0"},"west":{"uv":[8.625,6,9.375,7.125],"texture":"#0"},"up":{"uv":[13.125,4.875,13.875,5.625],"texture":"#0"},"down":{"uv":[13.125,4.875,13.875,5.625],"texture":"#0"}}},{"from":[-12,-1,4],"to":[-8,8,10],"rotation":{"angle":0,"axis":"y","origin":[0,91,0]},"faces":{"north":{"uv":[15,6,14.5,7.125],"texture":"#0"},"east":{"uv":[11.625,6,10.875,7.125],"texture":"#0"},"south":{"uv":[14.25,4.875,13.75,5.375],"texture":"#0"},"west":{"uv":[9.375,6,10.125,7.125],"texture":"#0"},"up":{"uv":[13.125,4.875,13.625,5.625],"texture":"#0"},"down":{"uv":[13.125,4.875,13.625,5.625],"texture":"#0"}}},{"from":[-1,-1,4],"to":[7,8,10],"rotation":{"angle":0,"axis":"y","origin":[0,91,0]},"faces":{"north":{"uv":[11.75,6,12.75,7.125],"texture":"#0"},"east":{"uv":[9.375,6,8.625,7.125],"texture":"#0"},"south":{"uv":[13.125,4.875,14.125,5.375],"texture":"#0"},"west":{"uv":[11.625,6,10.875,7.125],"texture":"#0"},"up":{"uv":[13.125,4.875,14.125,5.625],"texture":"#0"},"down":{"uv":[13.125,4.875,14.125,5.625],"texture":"#0"}}},{"from":[-10.21751,10,1.18198],"to":[-1.21751,14,7.18198],"rotation":{"angle":45,"axis":"y","origin":[0,91,0]},"faces":{"north":{"uv":[14,6,14.5,7.125],"rotation":90,"texture":"#0"},"east":{"uv":[13.75,4.875,13.125,5.625],"rotation":270,"texture":"#0"},"south":{"uv":[13.125,4.875,13.875,5.375],"rotation":270,"texture":"#0"},"west":{"uv":[14.25,5.625,13.125,4.875],"rotation":270,"texture":"#0"},"up":{"uv":[7.125,6,7.875,7.125],"rotation":270,"texture":"#0"},"down":{"uv":[10.875,6,11.625,7.125],"rotation":270,"texture":"#0"}}},{"from":[4,10,4],"to":[13,16,10],"rotation":{"angle":0,"axis":"y","origin":[0,91,0]},"faces":{"north":{"uv":[11.75,6,12.5,7.125],"rotation":90,"texture":"#0"},"east":{"uv":[14.25,4.875,13.125,5.625],"rotation":270,"texture":"#0"},"south":{"uv":[13.125,4.875,13.875,5.375],"rotation":270,"texture":"#0"},"west":{"uv":[14.25,5.625,13.125,4.875],"rotation":270,"texture":"#0"},"up":{"uv":[8.625,6,9.375,7.125],"rotation":270,"texture":"#0"},"down":{"uv":[10.875,6,11.625,7.125],"rotation":270,"texture":"#0"}}},{"from":[-7,-13,4],"to":[-1,-4,10],"rotation":{"angle":0,"axis":"y","origin":[0,91,0]},"faces":{"north":{"uv":[14.5,6,13.75,7.125],"texture":"#0"},"east":{"uv":[10.875,6,10.125,7.125],"texture":"#0"},"south":{"uv":[14.5,4.875,13.75,5.375],"texture":"#0"},"west":{"uv":[8.625,6,9.375,7.125],"texture":"#0"},"up":{"uv":[13.125,4.875,13.875,5.625],"texture":"#0"},"down":{"uv":[13.125,4.875,13.875,5.625],"texture":"#0"}}},{"from":[-13,-13,4],"to":[-7,-4,10],"rotation":{"angle":0,"axis":"y","origin":[0,91,0]},"faces":{"north":{"uv":[16,6,15.25,7.125],"texture":"#0"},"east":{"uv":[10.875,6,10.125,7.125],"texture":"#0"},"south":{"uv":[14.5,4.875,13.75,5.375],"texture":"#0"},"west":{"uv":[8.625,6,9.375,7.125],"texture":"#0"},"up":{"uv":[13.125,4.875,13.875,5.625],"texture":"#0"},"down":{"uv":[13.125,4.875,13.875,5.625],"texture":"#0"}}},{"from":[-13,10,4],"to":[-7,19,10],"rotation":{"angle":0,"axis":"y","origin":[0,91,0]},"faces":{"north":{"uv":[16,6,15.25,7.125],"texture":"#0"},"east":{"uv":[10.875,6,10.125,7.125],"texture":"#0"},"south":{"uv":[14.5,4.875,13.75,5.375],"texture":"#0"},"west":{"uv":[8.625,6,9.375,7.125],"texture":"#0"},"up":{"uv":[13.125,4.875,13.875,5.625],"texture":"#0"},"down":{"uv":[13.125,4.875,13.875,5.625],"texture":"#0"}}},{"from":[5,-13,4],"to":[13,-4,10],"rotation":{"angle":0,"axis":"y","origin":[0,91,0]},"faces":{"north":{"uv":[11.75,6,12.75,7.125],"texture":"#0"},"east":{"uv":[9.375,6,8.625,7.125],"texture":"#0"},"south":{"uv":[13.125,4.875,14.125,5.375],"texture":"#0"},"west":{"uv":[11.625,6,10.875,7.125],"texture":"#0"},"up":{"uv":[13.125,4.875,14.125,5.625],"texture":"#0"},"down":{"uv":[13.125,4.875,14.125,5.625],"texture":"#0"}}},{"from":[-1,-13,4],"to":[5,-4,10],"rotation":{"angle":0,"axis":"y","origin":[0,91,0]},"faces":{"north":{"uv":[11.75,6,12.5,7.125],"texture":"#0"},"east":{"uv":[9.375,6,8.625,7.125],"texture":"#0"},"south":{"uv":[13.125,4.875,13.875,5.375],"texture":"#0"},"west":{"uv":[8.625,6,7.875,7.125],"texture":"#0"},"up":{"uv":[13.125,4.875,13.875,5.625],"texture":"#0"},"down":{"uv":[13.125,4.875,13.875,5.625],"texture":"#0"}}},{"from":[29.59928,3.64981,4.01],"to":[31.57928,12.62981,9.99],"rotation":{"angle":-22.5,"axis":"z","origin":[0,91,0]},"faces":{"north":{"uv":[14.25,6,14.5,7.125],"texture":"#0"},"east":{"uv":[10.875,6,10.125,7.125],"texture":"#0"},"south":{"uv":[13.25,4.875,13.375,5],"rotation":180,"texture":"#0"},"west":{"uv":[10.875,6,10.125,7.125],"texture":"#0"},"up":{"uv":[13.125,4.875,13.375,5.625],"rotation":180,"texture":"#0"},"down":{"uv":[13.125,4.875,13.375,5.625],"rotation":180,"texture":"#0"}}},{"from":[27.59928,2.64981,4.01],"to":[29.57928,11.62981,9.99],"rotation":{"angle":-22.5,"axis":"z","origin":[0,91,0]},"faces":{"north":{"uv":[14.25,6,14.5,7.125],"texture":"#0"},"east":{"uv":[10.875,6,10.125,7.125],"texture":"#0"},"south":{"uv":[13.25,4.875,13.375,5],"rotation":180,"texture":"#0"},"west":{"uv":[10.875,6,10.125,7.125],"texture":"#0"},"up":{"uv":[13.125,4.875,13.375,5.625],"rotation":180,"texture":"#0"},"down":{"uv":[13.125,4.875,13.375,5.625],"rotation":180,"texture":"#0"}}}],"gui_light":"front","display":{"thirdperson_righthand":{"rotation":[63,34,0],"translation":[0.5,1,-1],"scale":[0.17579,0.17579,0.17579]},"thirdperson_lefthand":{"rotation":[63,34,0],"translation":[-1.5,-0.5,-1],"scale":[0.17579,0.17579,0.17579]},"firstperson_righthand":{"rotation":[3,112,-13],"translation":[8,1,-5.5],"scale":[0.15625,0.15625,0.15625]},"firstperson_lefthand":{"rotation":[3,112,-13],"translation":[8,1,-5.5],"scale":[0.15625,0.15625,0.15625]},"ground":{"translation":[1.5,4.25,0],"scale":[0.18164,0.18164,0.18164]},"gui":{"rotation":[30,139,0],"translation":[-2.25,-0.5,0],"scale":[0.28281,0.28281,0.28281]},"head":{"translation":[0,-5,0],"scale":[1.6,1.6,1.6]},"fixed":{"rotation":[-90,0,0],"translation":[0,0,-48],"scale":[2,2,2]}},"groups":[{"name":"group","origin":[-4,3.5,9.33333],"color":0,"boneType":"","children":[0,1,2,3,4,5,6,7,8,9,10,11,12,13,14,15,16,17,18,19,20,21,22,23]}]}