{"credit":"Made with Blockbench","texture_size":[128,128],"textures":{"0":"decorations:indoor/indoor_1","particle":"decorations:indoor/indoor_1"},"elements":[{"from":[-15,2,1],"to":[15,4,15],"rotation":{"angle":0,"axis":"y","origin":[8,89,0]},"faces":{"north":{"uv":[12,4.125,15.75,4.375],"texture":"#0","tintindex":0},"east":{"uv":[13.75,4.5,12,4.75],"texture":"#0","tintindex":0},"south":{"uv":[12,4.125,15.75,4.375],"texture":"#0","tintindex":0},"west":{"uv":[13.75,4.5,12,4.75],"texture":"#0","tintindex":0},"up":{"uv":[12,2,16,4],"rotation":180,"texture":"#0","tintindex":0},"down":{"uv":[8.125,0,11.875,1.75],"rotation":180,"texture":"#0","tintindex":0}}},{"from":[13,0,1],"to":[15,2,3],"rotation":{"angle":0,"axis":"y","origin":[8,89,0]},"faces":{"north":{"uv":[15.625,0,15.875,0.25],"texture":"#0","tintindex":0},"east":{"uv":[15.625,0,15.875,0.25],"texture":"#0","tintindex":0},"south":{"uv":[15.625,0,15.875,0.25],"texture":"#0","tintindex":0},"west":{"uv":[15.625,0,15.875,0.25],"texture":"#0","tintindex":0},"up":{"uv":[15.625,0,15.875,0.25],"texture":"#0","tintindex":0},"down":{"uv":[15.625,0,15.875,0.25],"texture":"#0","tintindex":0}}},{"from":[13,0,13],"to":[15,2,15],"rotation":{"angle":0,"axis":"y","origin":[8,89,0]},"faces":{"north":{"uv":[15.625,0,15.875,0.25],"texture":"#0","tintindex":0},"east":{"uv":[15.625,0,15.875,0.25],"texture":"#0","tintindex":0},"south":{"uv":[15.625,0,15.875,0.25],"texture":"#0","tintindex":0},"west":{"uv":[15.625,0,15.875,0.25],"texture":"#0","tintindex":0},"up":{"uv":[15.625,0,15.875,0.25],"texture":"#0","tintindex":0},"down":{"uv":[15.625,0,15.875,0.25],"texture":"#0","tintindex":0}}},{"from":[-15,0,13],"to":[-13,2,15],"rotation":{"angle":0,"axis":"y","origin":[8,89,0]},"faces":{"north":{"uv":[15.625,0,15.875,0.25],"texture":"#0","tintindex":0},"east":{"uv":[15.625,0,15.875,0.25],"texture":"#0","tintindex":0},"south":{"uv":[15.625,0,15.875,0.25],"texture":"#0","tintindex":0},"west":{"uv":[15.625,0,15.875,0.25],"texture":"#0","tintindex":0},"up":{"uv":[15.625,0,15.875,0.25],"texture":"#0","tintindex":0},"down":{"uv":[15.625,0,15.875,0.25],"texture":"#0","tintindex":0}}},{"from":[-15,0,1],"to":[-13,2,3],"rotation":{"angle":0,"axis":"y","origin":[8,89,0]},"faces":{"north":{"uv":[15.625,0,15.875,0.25],"texture":"#0","tintindex":0},"east":{"uv":[15.625,0,15.875,0.25],"texture":"#0","tintindex":0},"south":{"uv":[15.625,0,15.875,0.25],"texture":"#0","tintindex":0},"west":{"uv":[15.625,0,15.875,0.25],"texture":"#0","tintindex":0},"up":{"uv":[15.625,0,15.875,0.25],"texture":"#0","tintindex":0},"down":{"uv":[15.625,0,15.875,0.25],"texture":"#0","tintindex":0}}},{"from":[-16,14,0],"to":[16,16,16],"rotation":{"angle":0,"axis":"y","origin":[8,89,0]},"faces":{"north":{"uv":[12,4.125,16,4.375],"texture":"#0","tintindex":0},"east":{"uv":[15.875,4.5,13.875,4.75],"texture":"#0","tintindex":0},"south":{"uv":[12,4.125,16,4.375],"texture":"#0","tintindex":0},"west":{"uv":[13.875,4.5,15.875,4.75],"texture":"#0","tintindex":0},"up":{"uv":[12,2,16,4],"rotation":180,"texture":"#0","tintindex":0},"down":{"uv":[12,0,16,2],"texture":"#0","tintindex":0}}},{"from":[13,4,1],"to":[15,14,15],"rotation":{"angle":0,"axis":"y","origin":[8,89,0]},"faces":{"north":{"uv":[11.625,4.625,11.875,5.875],"texture":"#0","tintindex":0},"east":{"uv":[9.75,4.625,11.5,5.875],"texture":"#0","tintindex":0},"south":{"uv":[11.875,4.625,11.625,5.875],"texture":"#0","tintindex":0},"west":{"uv":[9.7625,4.625,11.5125,5.875],"texture":"#0","tintindex":0},"up":{"uv":[12,0,16,2],"rotation":180,"texture":"#0","tintindex":0},"down":{"uv":[12,0,16,2],"texture":"#0","tintindex":0}}},{"from":[-13,4,13],"to":[13,14,15],"rotation":{"angle":0,"axis":"y","origin":[8,89,0]},"faces":{"north":{"uv":[11.625,4.625,11.875,5.875],"texture":"#0","tintindex":0},"east":{"uv":[9.75,4.625,11.5,5.875],"texture":"#0","tintindex":0},"south":{"uv":[8.5,3.125,11.75,4.375],"texture":"#0","tintindex":0},"west":{"uv":[11.625,4.625,11.875,5.875],"texture":"#0","tintindex":0},"up":{"uv":[12,0,16,2],"rotation":180,"texture":"#0","tintindex":0},"down":{"uv":[12,0,16,2],"texture":"#0","tintindex":0}}},{"from":[-15,4,1],"to":[-13,14,15],"rotation":{"angle":0,"axis":"y","origin":[8,89,0]},"faces":{"north":{"uv":[11.875,4.625,11.625,5.875],"texture":"#0","tintindex":0},"east":{"uv":[11.5,4.625,9.75,5.875],"texture":"#0","tintindex":0},"south":{"uv":[11.875,4.625,11.625,5.875],"texture":"#0","tintindex":0},"west":{"uv":[11.5,4.625,9.75,5.875],"texture":"#0","tintindex":0},"up":{"uv":[12,0,16,2],"rotation":180,"texture":"#0","tintindex":0},"down":{"uv":[12,0,16,2],"texture":"#0","tintindex":0}}},{"from":[-9,4,4],"to":[-7,13,10],"rotation":{"angle":0,"axis":"z","origin":[8,89,0]},"faces":{"north":{"uv":[14.25,6,14.5,7.125],"texture":"#0"},"east":{"uv":[10.875,6,10.125,7.125],"texture":"#0"},"south":{"uv":[13.125,4.875,13.375,5.375],"texture":"#0"},"west":{"uv":[10.875,6,10.125,7.125],"texture":"#0"},"up":{"uv":[13.125,4.875,13.375,5.625],"rotation":180,"texture":"#0"},"down":{"uv":[13.125,4.875,13.375,5.625],"rotation":180,"texture":"#0"}}},{"from":[-7,4,4],"to":[13,13,10],"rotation":{"angle":0,"axis":"y","origin":[8,89,0]},"faces":{"north":{"uv":[16,6,13.5,7.125],"texture":"#0"},"east":{"uv":[9.375,6,10.125,7.125],"texture":"#0"},"south":{"uv":[13.125,4.875,15.625,5.375],"texture":"#0"},"west":{"uv":[10.125,6,9.375,7.125],"texture":"#0"},"up":{"uv":[13.5,4.875,16,5.625],"rotation":180,"texture":"#0"},"down":{"uv":[13.5,4.875,16,5.625],"rotation":180,"texture":"#0"}}},{"from":[20.7399,2.52038,4.01],"to":[22.7199,11.50038,9.99],"rotation":{"angle":-22.5,"axis":"z","origin":[8,89,0]},"faces":{"north":{"uv":[12.5,6,12.75,7.125],"texture":"#0"},"east":{"uv":[10.875,6,11.625,7.125],"texture":"#0"},"south":{"uv":[13.125,4.875,13.375,5.375],"texture":"#0"},"west":{"uv":[11.625,6,10.875,7.125],"texture":"#0"},"up":{"uv":[13.125,4.875,13.375,5.625],"rotation":180,"texture":"#0"},"down":{"uv":[13.125,4.875,13.375,5.625],"rotation":180,"texture":"#0"}}}],"gui_light":"front","display":{"thirdperson_righthand":{"rotation":[63,34,0],"translation":[0.75,1,-1],"scale":[0.22657,0.22657,0.22657]},"thirdperson_lefthand":{"rotation":[63,34,0],"translation":[-2.25,0,-1],"scale":[0.22657,0.22657,0.22657]},"firstperson_righthand":{"rotation":[3,112,-13],"translation":[5.75,-0.5,-5.5],"scale":[0.20508,0.20508,0.20508]},"firstperson_lefthand":{"rotation":[3,112,-13],"translation":[9.75,-0.5,-4.75],"scale":[0.20508,0.20508,0.20508]},"ground":{"translation":[1.5,4.25,0],"scale":[0.19922,0.19922,0.19922]},"gui":{"rotation":[30,-158,0],"translation":[-3,-0.25,0],"scale":[0.38828,0.38828,0.38828]},"head":{"translation":[0,-30.5,0],"scale":[1.6,1.6,1.6]},"fixed":{"rotation":[-90,0,0],"translation":[0,0,-16],"scale":[2,2,2]}},"groups":[{"name":"group","origin":[9,8.5,9.33333],"color":0,"boneType":"","children":[0,1,2,3,4,5,6,7,8,9,10,11]}]}