{"credit":"MadewithBlockbench","texture_size":[64,64],"textures":{"1":"decorations:indoor/indoor_2"},"elements":[{"from":[1.5,0,13.5],"to":[3.5,8,14.5],"faces":{"north":{"uv":[7,2.5,7.5,4.5],"texture":"#1"},"east":{"uv":[1.5,7,1.75,9],"texture":"#1"},"south":{"uv":[0.75,7,1.25,9],"texture":"#1"},"west":{"uv":[1.5,7,1.75,9],"texture":"#1"},"up":{"uv":[8,3.75,7.5,3.5],"texture":"#1"},"down":{"uv":[8,3.5,7.5,3.75],"texture":"#1"}}},{"from":[12.5,0,13.5],"to":[14.5,8,14.5],"faces":{"north":{"uv":[7.5,2.5,7,4.5],"texture":"#1"},"east":{"uv":[1.5,7,1.75,9],"texture":"#1"},"south":{"uv":[1.25,7,0.75,9],"texture":"#1"},"west":{"uv":[1.5,7,1.75,9],"texture":"#1"},"up":{"uv":[8,3.75,7.5,3.5],"texture":"#1"},"down":{"uv":[8,3.5,7.5,3.75],"texture":"#1"}}},{"from":[12.5,0,1.5],"to":[14.5,8,2.5],"faces":{"north":{"uv":[7,2.5,7.5,4.5],"texture":"#1"},"east":{"uv":[1.5,7,1.75,9],"texture":"#1"},"south":{"uv":[1.25,7,0.75,9],"texture":"#1"},"west":{"uv":[1.5,7,1.75,9],"texture":"#1"},"up":{"uv":[8,3.75,7.5,3.5],"texture":"#1"},"down":{"uv":[8,3.5,7.5,3.75],"texture":"#1"}}},{"from":[1.5,0,1.5],"to":[3.5,8,2.5],"faces":{"north":{"uv":[7.5,2.5,7,4.5],"texture":"#1"},"east":{"uv":[1.5,7,1.75,9],"texture":"#1"},"south":{"uv":[0.75,7,1.25,9],"texture":"#1"},"west":{"uv":[1.5,7,1.75,9],"texture":"#1"},"up":{"uv":[8,3.75,7.5,3.5],"texture":"#1"},"down":{"uv":[8,3.5,7.5,3.75],"texture":"#1"}}},{"from":[3.5,7,12.5],"to":[12.5,8,14.5],"faces":{"north":{"uv":[7.5,2.5,9.75,2.75],"texture":"#1"},"east":{"uv":[7.5,3.5,8,3.75],"texture":"#1"},"south":{"uv":[7.5,2.75,9.75,3],"texture":"#1"},"west":{"uv":[7.5,3.25,8,3.5],"texture":"#1"},"up":{"uv":[9.25,2,7,1.5],"texture":"#1"},"down":{"uv":[9.25,2.5,7,2],"texture":"#1"}}},{"from":[3.5,7,1.5],"to":[12.5,8,3.5],"faces":{"north":{"uv":[7.5,2.5,9.75,2.75],"texture":"#1"},"east":{"uv":[7.5,3.5,8,3.75],"texture":"#1"},"south":{"uv":[7.5,2.75,9.75,3],"texture":"#1"},"west":{"uv":[7.5,3.25,8,3.5],"texture":"#1"},"up":{"uv":[9.25,2,7,1.5],"texture":"#1"},"down":{"uv":[9.25,2,7,2.5],"texture":"#1"}}},{"from":[12.5,7,2.5],"to":[14.5,8,13.5],"faces":{"north":{"uv":[2.25,7,2.75,7.25],"texture":"#1"},"east":{"uv":[7,4.5,9.75,4.75],"texture":"#1"},"south":{"uv":[2.25,7,2.75,7.25],"texture":"#1"},"west":{"uv":[7,4.5,9.75,4.75],"texture":"#1"},"up":{"uv":[0.5,9.75,0,7],"texture":"#1"},"down":{"uv":[0,7,0.5,9.75],"texture":"#1"}}},{"from":[1.5,7,2.5],"to":[3.5,8,13.5],"faces":{"north":{"uv":[2.25,7,2.75,7.25],"texture":"#1"},"east":{"uv":[7,4.5,9.75,4.75],"texture":"#1"},"south":{"uv":[2.25,7,2.75,7.25],"texture":"#1"},"west":{"uv":[7,4.5,9.75,4.75],"texture":"#1"},"up":{"uv":[0.5,9.75,0,7],"texture":"#1"},"down":{"uv":[0.5,7,0,9.75],"texture":"#1"}}},{"from":[1.5,8,1.5],"to":[14.5,10,14.5],"faces":{"north":{"uv":[6.5,0.5,9.75,1],"texture":"#1","tintindex":0},"east":{"uv":[6.5,0,9.75,0.5],"texture":"#1","tintindex":0},"south":{"uv":[6.5,0.5,9.75,1],"texture":"#1","tintindex":0},"west":{"uv":[6.5,1,9.75,1.5],"texture":"#1","tintindex":0},"up":{"uv":[3.25,3.25,0,0],"texture":"#1","tintindex":0},"down":{"uv":[3.25,3.25,0,6.5],"texture":"#1"}}},{"from":[1.5,10,1.5],"to":[14.5,23,3.5],"faces":{"north":{"uv":[3.25,3.25,6.5,6.5],"texture":"#1","tintindex":0},"east":{"uv":[6.5,1.5,7,4.75],"texture":"#1","tintindex":0},"south":{"uv":[3.25,3.25,6.5,6.5],"texture":"#1","tintindex":0},"west":{"uv":[6.5,1.5,7,4.75],"texture":"#1","tintindex":0},"up":{"uv":[7,7,3.75,6.5],"texture":"#1","tintindex":0},"down":{"uv":[9.75,4.75,6.5,5.25],"texture":"#1"}}},{"from":[17.5,8,1.5],"to":[30.5,10,14.5],"faces":{"north":{"uv":[6.5,0.5,9.75,1],"texture":"#1","tintindex":0},"east":{"uv":[6.5,0,9.75,0.5],"texture":"#1","tintindex":0},"south":{"uv":[6.5,0.5,9.75,1],"texture":"#1","tintindex":0},"west":{"uv":[6.5,1,9.75,1.5],"texture":"#1","tintindex":0},"up":{"uv":[3.25,3.25,0,0],"texture":"#1","tintindex":0},"down":{"uv":[3.25,3.25,0,6.5],"texture":"#1"}}},{"from":[17.5,10,1.5],"to":[30.5,23,3.5],"faces":{"north":{"uv":[3.25,3.25,6.5,6.5],"texture":"#1","tintindex":0},"east":{"uv":[6.5,1.5,7,4.75],"texture":"#1","tintindex":0},"south":{"uv":[3.25,3.25,6.5,6.5],"texture":"#1","tintindex":0},"west":{"uv":[6.5,1.5,7,4.75],"texture":"#1","tintindex":0},"up":{"uv":[7,7,3.75,6.5],"texture":"#1","tintindex":0},"down":{"uv":[9.75,4.75,6.5,5.25],"texture":"#1"}}},{"from":[28.5,7,2.5],"to":[30.5,8,13.5],"faces":{"north":{"uv":[2.25,7,2.75,7.25],"texture":"#1"},"east":{"uv":[7,4.5,9.75,4.75],"texture":"#1"},"south":{"uv":[2.25,7,2.75,7.25],"texture":"#1"},"west":{"uv":[7,4.5,9.75,4.75],"texture":"#1"},"up":{"uv":[0.5,9.75,0,7],"texture":"#1"},"down":{"uv":[0,7,0.5,9.75],"texture":"#1"}}},{"from":[28.5,0,1.5],"to":[30.5,8,2.5],"faces":{"north":{"uv":[7,2.5,7.5,4.5],"texture":"#1"},"east":{"uv":[1.5,7,1.75,9],"texture":"#1"},"south":{"uv":[1.25,7,0.75,9],"texture":"#1"},"west":{"uv":[1.5,7,1.75,9],"texture":"#1"},"up":{"uv":[8,3.75,7.5,3.5],"texture":"#1"},"down":{"uv":[8,3.5,7.5,3.75],"texture":"#1"}}},{"from":[28.5,0,13.5],"to":[30.5,8,14.5],"faces":{"north":{"uv":[7.5,2.5,7,4.5],"texture":"#1"},"east":{"uv":[1.5,7,1.75,9],"texture":"#1"},"south":{"uv":[1.25,7,0.75,9],"texture":"#1"},"west":{"uv":[1.5,7,1.75,9],"texture":"#1"},"up":{"uv":[8,3.75,7.5,3.5],"texture":"#1"},"down":{"uv":[8,3.5,7.5,3.75],"texture":"#1"}}},{"from":[17.5,0,13.5],"to":[19.5,8,14.5],"faces":{"north":{"uv":[7,2.5,7.5,4.5],"texture":"#1"},"east":{"uv":[1.5,7,1.75,9],"texture":"#1"},"south":{"uv":[0.75,7,1.25,9],"texture":"#1"},"west":{"uv":[1.5,7,1.75,9],"texture":"#1"},"up":{"uv":[8,3.75,7.5,3.5],"texture":"#1"},"down":{"uv":[8,3.5,7.5,3.75],"texture":"#1"}}},{"from":[19.5,7,12.5],"to":[28.5,8,14.5],"faces":{"north":{"uv":[7.5,2.5,9.75,2.75],"texture":"#1"},"east":{"uv":[7.5,3.5,8,3.75],"texture":"#1"},"south":{"uv":[7.5,2.75,9.75,3],"texture":"#1"},"west":{"uv":[7.5,3.25,8,3.5],"texture":"#1"},"up":{"uv":[9.25,2,7,1.5],"texture":"#1"},"down":{"uv":[9.25,2.5,7,2],"texture":"#1"}}},{"from":[17.5,7,2.5],"to":[19.5,8,13.5],"faces":{"north":{"uv":[2.25,7,2.75,7.25],"texture":"#1"},"east":{"uv":[7,4.5,9.75,4.75],"texture":"#1"},"south":{"uv":[2.25,7,2.75,7.25],"texture":"#1"},"west":{"uv":[7,4.5,9.75,4.75],"texture":"#1"},"up":{"uv":[0.5,9.75,0,7],"texture":"#1"},"down":{"uv":[0.5,7,0,9.75],"texture":"#1"}}},{"from":[19.5,7,1.5],"to":[28.5,8,3.5],"faces":{"north":{"uv":[7.5,2.5,9.75,2.75],"texture":"#1"},"east":{"uv":[7.5,3.5,8,3.75],"texture":"#1"},"south":{"uv":[7.5,2.75,9.75,3],"texture":"#1"},"west":{"uv":[7.5,3.25,8,3.5],"texture":"#1"},"up":{"uv":[9.25,2,7,1.5],"texture":"#1"},"down":{"uv":[9.25,2,7,2.5],"texture":"#1"}}},{"from":[17.5,0,1.5],"to":[19.5,8,2.5],"faces":{"north":{"uv":[7.5,2.5,7,4.5],"texture":"#1"},"east":{"uv":[1.5,7,1.75,9],"texture":"#1"},"south":{"uv":[0.75,7,1.25,9],"texture":"#1"},"west":{"uv":[1.5,7,1.75,9],"texture":"#1"},"up":{"uv":[8,3.75,7.5,3.5],"texture":"#1"},"down":{"uv":[8,3.5,7.5,3.75],"texture":"#1"}}},{"from":[-14.5,8,1.5],"to":[-1.5,10,14.5],"faces":{"north":{"uv":[6.5,0.5,9.75,1],"texture":"#1","tintindex":0},"east":{"uv":[6.5,0,9.75,0.5],"texture":"#1","tintindex":0},"south":{"uv":[6.5,0.5,9.75,1],"texture":"#1","tintindex":0},"west":{"uv":[6.5,1,9.75,1.5],"texture":"#1","tintindex":0},"up":{"uv":[3.25,3.25,0,0],"texture":"#1","tintindex":0},"down":{"uv":[3.25,3.25,0,6.5],"texture":"#1"}}},{"from":[-14.5,10,1.5],"to":[-1.5,23,3.5],"faces":{"north":{"uv":[3.25,3.25,6.5,6.5],"texture":"#1","tintindex":0},"east":{"uv":[6.5,1.5,7,4.75],"texture":"#1","tintindex":0},"south":{"uv":[3.25,3.25,6.5,6.5],"texture":"#1","tintindex":0},"west":{"uv":[6.5,1.5,7,4.75],"texture":"#1","tintindex":0},"up":{"uv":[7,7,3.75,6.5],"texture":"#1","tintindex":0},"down":{"uv":[9.75,4.75,6.5,5.25],"texture":"#1"}}},{"from":[-3.5,7,2.5],"to":[-1.5,8,13.5],"faces":{"north":{"uv":[2.25,7,2.75,7.25],"texture":"#1"},"east":{"uv":[7,4.5,9.75,4.75],"texture":"#1"},"south":{"uv":[2.25,7,2.75,7.25],"texture":"#1"},"west":{"uv":[7,4.5,9.75,4.75],"texture":"#1"},"up":{"uv":[0.5,9.75,0,7],"texture":"#1"},"down":{"uv":[0,7,0.5,9.75],"texture":"#1"}}},{"from":[-3.5,0,1.5],"to":[-1.5,8,2.5],"faces":{"north":{"uv":[7,2.5,7.5,4.5],"texture":"#1"},"east":{"uv":[1.5,7,1.75,9],"texture":"#1"},"south":{"uv":[1.25,7,0.75,9],"texture":"#1"},"west":{"uv":[1.5,7,1.75,9],"texture":"#1"},"up":{"uv":[8,3.75,7.5,3.5],"texture":"#1"},"down":{"uv":[8,3.5,7.5,3.75],"texture":"#1"}}},{"from":[-3.5,0,13.5],"to":[-1.5,8,14.5],"faces":{"north":{"uv":[7.5,2.5,7,4.5],"texture":"#1"},"east":{"uv":[1.5,7,1.75,9],"texture":"#1"},"south":{"uv":[1.25,7,0.75,9],"texture":"#1"},"west":{"uv":[1.5,7,1.75,9],"texture":"#1"},"up":{"uv":[8,3.75,7.5,3.5],"texture":"#1"},"down":{"uv":[8,3.5,7.5,3.75],"texture":"#1"}}},{"from":[-14.5,0,13.5],"to":[-12.5,8,14.5],"faces":{"north":{"uv":[7,2.5,7.5,4.5],"texture":"#1"},"east":{"uv":[1.5,7,1.75,9],"texture":"#1"},"south":{"uv":[0.75,7,1.25,9],"texture":"#1"},"west":{"uv":[1.5,7,1.75,9],"texture":"#1"},"up":{"uv":[8,3.75,7.5,3.5],"texture":"#1"},"down":{"uv":[8,3.5,7.5,3.75],"texture":"#1"}}},{"from":[-12.5,7,12.5],"to":[-3.5,8,14.5],"faces":{"north":{"uv":[7.5,2.5,9.75,2.75],"texture":"#1"},"east":{"uv":[7.5,3.5,8,3.75],"texture":"#1"},"south":{"uv":[7.5,2.75,9.75,3],"texture":"#1"},"west":{"uv":[7.5,3.25,8,3.5],"texture":"#1"},"up":{"uv":[9.25,2,7,1.5],"texture":"#1"},"down":{"uv":[9.25,2.5,7,2],"texture":"#1"}}},{"from":[-14.5,7,2.5],"to":[-12.5,8,13.5],"faces":{"north":{"uv":[2.25,7,2.75,7.25],"texture":"#1"},"east":{"uv":[7,4.5,9.75,4.75],"texture":"#1"},"south":{"uv":[2.25,7,2.75,7.25],"texture":"#1"},"west":{"uv":[7,4.5,9.75,4.75],"texture":"#1"},"up":{"uv":[0.5,9.75,0,7],"texture":"#1"},"down":{"uv":[0.5,7,0,9.75],"texture":"#1"}}},{"from":[-12.5,7,1.5],"to":[-3.5,8,3.5],"faces":{"north":{"uv":[7.5,2.5,9.75,2.75],"texture":"#1"},"east":{"uv":[7.5,3.5,8,3.75],"texture":"#1"},"south":{"uv":[7.5,2.75,9.75,3],"texture":"#1"},"west":{"uv":[7.5,3.25,8,3.5],"texture":"#1"},"up":{"uv":[9.25,2,7,1.5],"texture":"#1"},"down":{"uv":[9.25,2,7,2.5],"texture":"#1"}}},{"from":[-14.5,0,1.5],"to":[-12.5,8,2.5],"faces":{"north":{"uv":[7.5,2.5,7,4.5],"texture":"#1"},"east":{"uv":[1.5,7,1.75,9],"texture":"#1"},"south":{"uv":[0.75,7,1.25,9],"texture":"#1"},"west":{"uv":[1.5,7,1.75,9],"texture":"#1"},"up":{"uv":[8,3.75,7.5,3.5],"texture":"#1"},"down":{"uv":[8,3.5,7.5,3.75],"texture":"#1"}}}],"display":{"thirdperson_righthand":{"rotation":[60,-160,0],"translation":[0,3.25,0],"scale":[0.2,0.2,0.2]},"thirdperson_lefthand":{"rotation":[60,-160,0],"translation":[0,3.25,0],"scale":[0.2,0.2,0.2]},"firstperson_righthand":{"rotation":[0,-73,6],"translation":[0,0.25,0],"scale":[0.2,0.2,0.2]},"firstperson_lefthand":{"rotation":[0,-73,6],"translation":[0,0.25,0],"scale":[0.2,0.2,0.2]},"ground":{"translation":[0,1.5,0],"scale":[0.35,0.35,0.35]},"gui":{"rotation":[30,52,0],"translation":[0,-1.25,0],"scale":[0.3,0.3,0.3]},"head":{"translation":[0,-30.4,0],"scale":[1.6,1.6,1.6]},"fixed":{"rotation":[-90,0,0],"translation":[0,0,-16],"scale":[-2,2,-2]}}}