{"credit":"Made with Blockbench","texture_size":[64,64],"textures":{"2":"cosmetic:custom/item/winged_helm","particle":"cosmetic:custom/item/winged_helm"},"elements":[{"from":[2.99,2.99,2.99],"to":[13.01,11.01,13.01],"rotation":{"angle":0,"axis":"y","origin":[8,9.5,8]},"faces":{"north":{"uv":[2.5,4.5,5,6.5],"texture":"#2"},"east":{"uv":[5,4.5,7.5,6.5],"texture":"#2"},"south":{"uv":[2.5,6.5,5,8.5],"texture":"#2"},"west":{"uv":[5,6.5,7.5,8.5],"texture":"#2"},"up":{"uv":[2.5,7,0,4.5],"texture":"#2"}}},{"from":[3,0.97136,4.80135],"to":[4,3.97136,13.80135],"rotation":{"angle":-22.5,"axis":"x","origin":[3.5,-0.02864,8.30135]},"faces":{"north":{"uv":[8,2.75,8.25,3.5],"texture":"#2","tintindex":0},"east":{"uv":[0,7,2.25,7.75],"texture":"#2","tintindex":0},"south":{"uv":[8,3.5,8.25,4.25],"texture":"#2","tintindex":0},"west":{"uv":[7,0,9.25,0.75],"texture":"#2","tintindex":0},"up":{"uv":[1,10,0.75,7.75],"texture":"#2","tintindex":0},"down":{"uv":[0.75,7.75,0.5,10],"texture":"#2","tintindex":0}}},{"from":[12,0.97136,4.80135],"to":[13,3.97136,13.80135],"rotation":{"angle":-22.5,"axis":"x","origin":[12.5,-0.02864,8.30135]},"faces":{"north":{"uv":[8,4.25,8.25,5],"texture":"#2","tintindex":0},"east":{"uv":[7,0.75,9.25,1.5],"texture":"#2","tintindex":0},"south":{"uv":[8,5,8.25,5.75],"texture":"#2","tintindex":0},"west":{"uv":[7,1.5,9.25,2.25],"texture":"#2","tintindex":0},"up":{"uv":[1,10,0.75,7.75],"texture":"#2","tintindex":0},"down":{"uv":[0.75,7.75,0.5,10],"texture":"#2","tintindex":0}}},{"from":[2.75,4.98528,5.44975],"to":[2.75,13.98528,19.44975],"rotation":{"angle":-22.5,"axis":"x","origin":[8,9.48528,12.44975]},"faces":{"north":{"uv":[0,0,0,2.25],"texture":"#2"},"east":{"uv":[3.5,0,7,2.25],"texture":"#2","tintindex":0},"south":{"uv":[0,0,0,2.25],"texture":"#2"},"west":{"uv":[3.5,2.25,7,4.5],"texture":"#2","tintindex":0},"up":{"uv":[0,3.5,0,0],"texture":"#2"},"down":{"uv":[0,0,0,3.5],"texture":"#2"}}},{"from":[13.25,4.98528,5.44975],"to":[13.25,13.98528,19.44975],"rotation":{"angle":-22.5,"axis":"x","origin":[8,9.48528,12.44975]},"faces":{"north":{"uv":[0,0,0,2.25],"texture":"#2"},"east":{"uv":[3.5,0,7,2.25],"texture":"#2","tintindex":0},"south":{"uv":[0,0,0,2.25],"texture":"#2"},"west":{"uv":[3.5,2.25,7,4.5],"texture":"#2","tintindex":0},"up":{"uv":[0,3.5,0,0],"texture":"#2"},"down":{"uv":[0,0,0,3.5],"texture":"#2"}}},{"from":[7,2.5,12.5],"to":[9,10.5,13.5],"rotation":{"angle":0,"axis":"y","origin":[8,9.5,8]},"faces":{"north":{"uv":[7,2.25,7.5,4.25],"texture":"#2"},"east":{"uv":[1.25,7.75,1.5,9.75],"texture":"#2"},"south":{"uv":[7.5,5,8,7],"texture":"#2"},"west":{"uv":[1.5,7.75,1.75,9.75],"texture":"#2"},"down":{"uv":[7.5,4.25,7,4.5],"texture":"#2"}}},{"from":[7,4.5,2.5],"to":[9,10.5,3.5],"rotation":{"angle":0,"axis":"y","origin":[8,9.5,8]},"faces":{"north":{"uv":[7.5,7,8,8.5],"texture":"#2"},"east":{"uv":[1.75,7.75,2,9.25],"texture":"#2"},"south":{"uv":[0,7.75,0.5,9.25],"texture":"#2"},"west":{"uv":[2,7.75,2.25,9.25],"texture":"#2"},"down":{"uv":[8.5,5.75,8,6],"texture":"#2"}}},{"from":[7,10.5,2.5],"to":[9,11.5,13.5],"rotation":{"angle":0,"axis":"y","origin":[8,9.5,8]},"faces":{"north":{"uv":[8,6,8.5,6.25],"texture":"#2"},"east":{"uv":[8,2.25,10.75,2.5],"texture":"#2"},"south":{"uv":[8,6.25,8.5,6.5],"texture":"#2"},"west":{"uv":[8,2.5,10.75,2.75],"texture":"#2"},"up":{"uv":[8,5,7.5,2.25],"texture":"#2"}}},{"name":"cube inverted","from":[13.01,11.01,13.01],"to":[2.99,2.99,2.99],"rotation":{"angle":0,"axis":"y","origin":[8,9.5,8]},"faces":{"north":{"uv":[2.5,8.5,5,6.5],"texture":"#2"},"east":{"uv":[5,8.5,7.5,6.5],"texture":"#2"},"south":{"uv":[2.5,6.5,5,4.5],"texture":"#2"},"west":{"uv":[5,6.5,7.5,4.5],"texture":"#2"},"down":{"uv":[0,7,2.5,4.5],"texture":"#2"}}},{"name":"cube inverted","from":[9,11.5,13.5],"to":[7,10.5,2.5],"rotation":{"angle":0,"axis":"y","origin":[8,9.5,8]},"faces":{"north":{"uv":[8,6.5,8.5,6.25],"texture":"#2"},"east":{"uv":[8,2.75,10.75,2.5],"texture":"#2"},"south":{"uv":[8,6.25,8.5,6],"texture":"#2"},"west":{"uv":[8,2.5,10.75,2.25],"texture":"#2"},"down":{"uv":[7.5,5,8,2.25],"texture":"#2"}}}],"gui_light":"front","display":{"thirdperson_righthand":{"rotation":[63,34,0],"translation":[0,1,-1],"scale":[0.37891,0.37891,0.37891]},"thirdperson_lefthand":{"rotation":[63,34,0],"translation":[0,1,-1],"scale":[0.37891,0.37891,0.37891]},"firstperson_righthand":{"rotation":[3,112,-13],"translation":[9.5,0,-5.75],"scale":[0.35547,0.35547,0.35547]},"firstperson_lefthand":{"rotation":[3,112,-13],"translation":[9.5,0,-5.75],"scale":[0.35547,0.35547,0.35547]},"ground":{"translation":[0,4.25,0],"scale":[0.28906,0.28906,0.28906]},"gui":{"rotation":[-149.61,-31.92,-180],"translation":[0.5,-0.75,0],"scale":[0.73046,0.73046,0.73046]},"head":{"translation":[0,4,0],"scale":[1.60977,1.60977,1.60977]},"fixed":{"translation":[0,-3.25,-7.5]}},"groups":[{"name":"Gala","origin":[8,9.5,8],"color":0,"nbt":"{}","children":[0,1,2,3,4,5,6,7]},8,9]}