{"credit":"Made with Blockbench","texture_size":[64,64],"textures":{"2":"cosmetic:custom/item/witch_hat"},"elements":[{"from":[-2.70907,7.82636,-0.5],"to":[0.29093,7.82636,16.5],"rotation":{"angle":22.5,"axis":"z","origin":[7,4.42605,8]},"faces":{"north":{"uv":[0,0,0.75,0],"texture":"#2"},"east":{"uv":[0,0,4.25,0],"texture":"#2"},"south":{"uv":[0,0,0.75,0],"texture":"#2"},"west":{"uv":[0,0,4.25,0],"texture":"#2"},"up":{"uv":[10.75,13.25,10,9],"texture":"#2"},"down":{"uv":[10.75,9,10,13.25],"texture":"#2"}}},{"from":[3.5,5,3.5],"to":[12.5,10,12.5],"rotation":{"angle":0,"axis":"y","origin":[-0.5,0,-1.5]},"faces":{"north":{"uv":[10.75,12.5,13,13.75],"texture":"#2"},"east":{"uv":[10.75,12.5,13,13.75],"texture":"#2"},"south":{"uv":[10.75,12.5,13,13.75],"texture":"#2"},"west":{"uv":[10.75,12.5,13,13.75],"texture":"#2"},"up":{"uv":[10.75,6.75,8.5,4.5],"texture":"#2"},"down":{"uv":[7.75,8.5,5.5,10.75],"texture":"#2"}}},{"from":[7.5,5,3.4],"to":[16.5,15,3.4],"rotation":{"angle":0,"axis":"y","origin":[-0.5,0,-1.5]},"faces":{"north":{"uv":[0,13.5,2.25,16],"texture":"#2"},"east":{"uv":[10.75,12.5,13,13.75],"texture":"#2"},"south":{"uv":[2.25,13.5,0,16],"texture":"#2"},"west":{"uv":[10.75,12.5,13,13.75],"texture":"#2"},"up":{"uv":[10.75,6.75,8.5,4.5],"texture":"#2"},"down":{"uv":[7.75,8.5,5.5,10.75],"texture":"#2"}}},{"from":[4.5,9,4.5],"to":[11.5,15,11.5],"rotation":{"angle":0,"axis":"x","origin":[8,9.25,7.75]},"faces":{"north":{"uv":[13.5,2.75,15.25,4.25],"texture":"#2"},"east":{"uv":[13.5,2.75,15.25,4.25],"texture":"#2"},"south":{"uv":[13.5,2.75,15.25,4.25],"texture":"#2"},"west":{"uv":[13.5,2.75,15.25,4.25],"texture":"#2"},"up":{"uv":[13,3.25,11.25,1.5],"texture":"#2"},"down":{"uv":[2.5,11.5,0.75,13.25],"texture":"#2"}}},{"from":[6.07727,13.75,4.5],"to":[10.07727,18.75,8.5],"rotation":{"angle":22.5,"axis":"x","origin":[8.57727,9.25,7.75]},"faces":{"north":{"uv":[2.75,14.75,3.75,16],"texture":"#2"},"east":{"uv":[2.75,14.75,3.75,16],"texture":"#2"},"south":{"uv":[2.75,14.75,3.75,16],"texture":"#2"},"west":{"uv":[2.75,14.75,3.75,16],"texture":"#2"},"up":{"uv":[16,6.5,15,5.5],"texture":"#2"},"down":{"uv":[6.75,15,5.75,16],"texture":"#2"}}},{"from":[8.07727,11.75,4.5],"to":[8.07727,20.75,15.5],"rotation":{"angle":22.5,"axis":"x","origin":[8.57727,9.25,7.75]},"faces":{"north":{"uv":[0,0,0,2.25],"texture":"#2"},"east":{"uv":[0,8.5,2.75,10.75],"texture":"#2"},"south":{"uv":[0,0,0,2.25],"texture":"#2"},"west":{"uv":[2.75,8.5,0,10.75],"texture":"#2"},"up":{"uv":[0,2.75,0,0],"texture":"#2"},"down":{"uv":[5.75,15,5,10.75],"texture":"#2"}}},{"from":[-0.5,5,-0.5],"to":[16.5,5,16.5],"rotation":{"angle":0,"axis":"y","origin":[0.5,0,-1.5]},"faces":{"north":{"uv":[0,0,4.25,0],"texture":"#2"},"east":{"uv":[0,0,4.25,0],"texture":"#2"},"south":{"uv":[0,0,4.25,0],"texture":"#2"},"west":{"uv":[0,0,4.25,0],"texture":"#2"},"up":{"uv":[4.25,4.25,0,0],"texture":"#2"},"down":{"uv":[4.25,4.25,0,0],"texture":"#2"}}},{"from":[-0.5,-2.27299,-0.06379],"to":[16.5,-2.27299,2.93621],"rotation":{"angle":-22.5,"axis":"x","origin":[-2.5,-7.27299,-17.06379]},"faces":{"north":{"uv":[0,0,4.25,0],"texture":"#2"},"east":{"uv":[0,0,0.75,0],"texture":"#2"},"south":{"uv":[0,0,4.25,0],"texture":"#2"},"west":{"uv":[0,0,0.75,0],"texture":"#2"},"up":{"uv":[5,11.5,0.75,10.75],"texture":"#2"},"down":{"uv":[5,10.75,0.75,11.5],"texture":"#2"}}},{"from":[-0.5,-2.27299,13.06379],"to":[16.5,-2.27299,16.06379],"rotation":{"angle":22.5,"axis":"x","origin":[-2.5,-7.27299,33.06379]},"faces":{"north":{"uv":[0,0,4.25,0],"texture":"#2"},"east":{"uv":[0,0,0.75,0],"texture":"#2"},"south":{"uv":[0,0,4.25,0],"texture":"#2"},"west":{"uv":[0,0,0.75,0],"texture":"#2"},"up":{"uv":[5,10.75,0.75,11.5],"texture":"#2"},"down":{"uv":[5,11.5,0.75,10.75],"texture":"#2"}}},{"from":[15.70907,7.82636,-0.5],"to":[18.70907,7.82636,16.5],"rotation":{"angle":-22.5,"axis":"z","origin":[9,4.42605,8]},"faces":{"north":{"uv":[0,0,0.75,0],"texture":"#2"},"east":{"uv":[0,0,4.25,0],"texture":"#2"},"south":{"uv":[0,0,0.75,0],"texture":"#2"},"west":{"uv":[0,0,4.25,0],"texture":"#2"},"up":{"uv":[5.75,15,5,10.75],"texture":"#2"},"down":{"uv":[5.75,15,5,10.75],"texture":"#2"}}},{"from":[-0.5,-2.27299,-0.06379],"to":[16.5,-2.27299,2.93621],"rotation":{"angle":-22.5,"axis":"x","origin":[-2.5,-7.27299,-17.06379]},"faces":{"north":{"uv":[0,0,4.25,0],"texture":"#2","tintindex":0},"east":{"uv":[0,0,0.75,0],"texture":"#2","tintindex":0},"south":{"uv":[0,0,4.25,0],"texture":"#2","tintindex":0},"west":{"uv":[0,0,0.75,0],"texture":"#2","tintindex":0},"up":{"uv":[11.25,0,15.5,0.75],"texture":"#2","tintindex":0},"down":{"uv":[15.5,0.75,11.25,1.5],"texture":"#2","tintindex":0}}},{"from":[-2.70907,7.82636,-0.5],"to":[0.29093,7.82636,16.5],"rotation":{"angle":22.5,"axis":"z","origin":[7,4.42605,8]},"faces":{"north":{"uv":[0,0,0.75,0],"texture":"#2","tintindex":0},"east":{"uv":[0,0,4.25,0],"texture":"#2","tintindex":0},"south":{"uv":[0,0,0.75,0],"texture":"#2","tintindex":0},"west":{"uv":[0,0,4.25,0],"texture":"#2","tintindex":0},"up":{"uv":[7.25,15,6.5,10.75],"texture":"#2","tintindex":0},"down":{"uv":[7.25,10.75,6.5,15],"texture":"#2","tintindex":0}}},{"from":[-0.5,5,-0.5],"to":[16.5,5,16.5],"rotation":{"angle":0,"axis":"y","origin":[0.5,0,-1.5]},"faces":{"north":{"uv":[0,0,4.25,0],"texture":"#2","tintindex":0},"east":{"uv":[0,0,4.25,0],"texture":"#2","tintindex":0},"south":{"uv":[0,0,4.25,0],"texture":"#2","tintindex":0},"west":{"uv":[0,0,4.25,0],"texture":"#2","tintindex":0},"up":{"uv":[8.5,4.25,4.25,0],"texture":"#2","tintindex":0},"down":{"uv":[8.5,0,4.25,4.25],"texture":"#2","tintindex":0}}},{"from":[-0.5,-2.27299,13.06379],"to":[16.5,-2.27299,16.06379],"rotation":{"angle":22.5,"axis":"x","origin":[-2.5,-7.27299,33.06379]},"faces":{"north":{"uv":[0,0,4.25,0],"texture":"#2","tintindex":0},"east":{"uv":[0,0,0.75,0],"texture":"#2","tintindex":0},"south":{"uv":[0,0,4.25,0],"texture":"#2","tintindex":0},"west":{"uv":[0,0,0.75,0],"texture":"#2","tintindex":0},"up":{"uv":[15.5,0.75,11.25,0],"texture":"#2","tintindex":0},"down":{"uv":[15.5,1.5,11.25,0.75],"texture":"#2","tintindex":0}}},{"from":[15.70907,7.82636,-0.5],"to":[18.70907,7.82636,16.5],"rotation":{"angle":-22.5,"axis":"z","origin":[9,4.42605,8]},"faces":{"north":{"uv":[0,0,0.75,0],"texture":"#2","tintindex":0},"east":{"uv":[0,0,4.25,0],"texture":"#2","tintindex":0},"south":{"uv":[0,0,0.75,0],"texture":"#2","tintindex":0},"west":{"uv":[0,0,4.25,0],"texture":"#2","tintindex":0},"up":{"uv":[6.5,15,7.25,10.75],"texture":"#2","tintindex":0},"down":{"uv":[8,11.25,7.25,15.5],"texture":"#2","tintindex":0}}},{"from":[3.5,5,3.5],"to":[12.5,10,12.5],"rotation":{"angle":0,"axis":"y","origin":[-0.5,0,-1.5]},"faces":{"north":{"uv":[13.25,8.25,15.5,9.5],"texture":"#2","tintindex":0},"east":{"uv":[13.25,8.25,15.5,9.5],"texture":"#2","tintindex":0},"south":{"uv":[13.25,8.25,15.5,9.5],"texture":"#2","tintindex":0},"west":{"uv":[13.25,8.25,15.5,9.5],"texture":"#2","tintindex":0},"up":{"uv":[10.75,9,8.5,6.75],"texture":"#2","tintindex":0},"down":{"uv":[10,9,7.75,11.25],"texture":"#2","tintindex":0}}},{"from":[4.5,9,4.5],"to":[11.5,15,11.5],"rotation":{"angle":0,"axis":"x","origin":[8,9.25,7.75]},"faces":{"north":{"uv":[14,13.75,15.75,15.25],"texture":"#2","tintindex":0},"east":{"uv":[14,13.75,15.75,15.25],"texture":"#2","tintindex":0},"south":{"uv":[14,13.75,15.75,15.25],"texture":"#2","tintindex":0},"west":{"uv":[14,13.75,15.75,15.25],"texture":"#2","tintindex":0},"up":{"uv":[4.25,13.25,2.5,11.5],"texture":"#2","tintindex":0},"down":{"uv":[13.25,8.25,11.5,10],"texture":"#2","tintindex":0}}},{"from":[6.07727,13.75,4.5],"to":[10.07727,18.75,8.5],"rotation":{"angle":22.5,"axis":"x","origin":[8.57727,9.25,7.75]},"faces":{"north":{"uv":[3.75,14.75,4.75,16],"texture":"#2","tintindex":0},"east":{"uv":[8.75,14.75,9.75,16],"texture":"#2","tintindex":0},"south":{"uv":[15,4.25,16,5.5],"texture":"#2","tintindex":0},"west":{"uv":[4.75,15,5.75,16.25],"texture":"#2","tintindex":0},"up":{"uv":[16,7.5,15,6.5],"texture":"#2","tintindex":0},"down":{"uv":[13,10.25,12,11.25],"texture":"#2","tintindex":0}}},{"from":[8.07727,11.75,4.5],"to":[8.07727,20.75,15.5],"rotation":{"angle":22.5,"axis":"x","origin":[8.57727,9.25,7.75]},"faces":{"north":{"uv":[0,0,0,2.25],"texture":"#2","tintindex":0},"east":{"uv":[8.5,2.25,11.25,4.5],"texture":"#2","tintindex":0},"south":{"uv":[0,0,0,2.25],"texture":"#2","tintindex":0},"west":{"uv":[11.25,2.25,8.5,4.5],"texture":"#2","tintindex":0},"up":{"uv":[0,2.75,0,0],"texture":"#2","tintindex":0},"down":{"uv":[0,0,0,2.75],"texture":"#2","tintindex":0}}}],"gui_light":"front","display":{"thirdperson_righthand":{"rotation":[55.5,34,0],"translation":[0,1,0.75],"scale":[0.52539,0.52539,0.52539]},"thirdperson_lefthand":{"rotation":[55.5,34,0],"translation":[0,1,0.75],"scale":[0.52539,0.52539,0.52539]},"firstperson_righthand":{"rotation":[21,114.5,-13.75],"translation":[9.5,0,-5.75],"scale":[0.41992,0.41992,0.41992]},"firstperson_lefthand":{"rotation":[21,114.5,-13.75],"translation":[9.5,0,-5.75],"scale":[0.41992,0.41992,0.41992]},"gui":{"rotation":[-137.23,-50.79,-161.6],"translation":[0.25,-0.75,0],"scale":[0.62695,0.62695,0.62695]},"head":{"rotation":[8,0,0],"translation":[0,8.25,0.25],"scale":[1.67227,1.67227,1.67227]}},"groups":[{"name":"Gala","origin":[8.57727,9.25,7.75],"color":0,"nbt":"{}","children":[0,1,2,3,4,5,6,7,8,9,10,11,12,13,14,15,16,17,18]}]}