{"providers":[{"file":"dcutscenes:ui/movie_gui.png","chars":[""],"height":256,"ascent":48,"type":"bitmap"},{"file":"dcutscenes:ui/empty_character.png","chars":[""],"height":-20,"ascent":-32768,"type":"bitmap"},{"file":"dcutscenes:ui/cutscene_bar_top.png","chars":[""],"height":300,"ascent":265,"type":"bitmap"},{"file":"dcutscenes:ui/cutscene_bar_bottom.png","chars":[""],"height":300,"ascent":-22,"type":"bitmap"},{"file":"dcutscenes:ui/fullscreen.png","chars":[""],"height":2048,"ascent":256,"type":"bitmap"},{"type":"bitmap","file":"custom/bossbar/bossbar_left.png","height":60,"ascent":14,"chars":[""]},{"type":"bitmap","file":"custom/bossbar/bossbar_right.png","height":60,"ascent":14,"chars":[""]},{"type":"bitmap","file":"custom/bossbar/arrows/01.png","height":32,"ascent":17,"chars":[""]},{"type":"bitmap","file":"custom/bossbar/arrows/02.png","height":32,"ascent":17,"chars":[""]},{"type":"bitmap","file":"custom/bossbar/arrows/03.png","height":32,"ascent":17,"chars":[""]},{"type":"bitmap","file":"custom/bossbar/arrows/04.png","height":32,"ascent":17,"chars":[""]},{"type":"bitmap","file":"custom/bossbar/arrows/05.png","height":32,"ascent":17,"chars":[""]},{"type":"bitmap","file":"custom/bossbar/arrows/06.png","height":32,"ascent":17,"chars":[""]},{"type":"bitmap","file":"custom/bossbar/arrows/07.png","height":32,"ascent":17,"chars":[""]},{"type":"bitmap","file":"custom/bossbar/arrows/08.png","height":32,"ascent":17,"chars":[""]},{"type":"bitmap","file":"custom/bossbar/arrows/09.png","height":32,"ascent":17,"chars":[""]},{"type":"bitmap","file":"custom/bossbar/arrows/10.png","height":32,"ascent":17,"chars":[""]},{"type":"bitmap","file":"custom/bossbar/arrows/11.png","height":32,"ascent":17,"chars":[""]},{"type":"bitmap","file":"custom/bossbar/arrows/12.png","height":32,"ascent":17,"chars":[""]},{"type":"bitmap","file":"custom/bossbar/arrows/13.png","height":32,"ascent":17,"chars":[""]},{"type":"bitmap","file":"custom/bossbar/arrows/14.png","height":32,"ascent":17,"chars":[""]},{"type":"bitmap","file":"custom/bossbar/arrows/15.png","height":32,"ascent":17,"chars":[""]},{"type":"bitmap","file":"custom/bossbar/arrows/16.png","height":32,"ascent":17,"chars":[""]},{"type":"bitmap","file":"custom/bossbar/arrows/17.png","height":32,"ascent":17,"chars":[""]},{"type":"bitmap","file":"custom/bossbar/arrows/18.png","height":32,"ascent":17,"chars":[""]},{"type":"bitmap","file":"custom/bossbar/arrows/19.png","height":32,"ascent":17,"chars":[""]},{"type":"bitmap","file":"custom/bossbar/arrows/20.png","height":32,"ascent":17,"chars":[""]},{"type":"bitmap","file":"custom/bossbar/arrows/21.png","height":32,"ascent":17,"chars":[""]},{"type":"bitmap","file":"custom/bossbar/arrows/22.png","height":32,"ascent":17,"chars":[""]},{"type":"bitmap","file":"custom/bossbar/arrows/23.png","height":32,"ascent":17,"chars":[""]},{"type":"bitmap","file":"custom/bossbar/arrows/24.png","height":32,"ascent":17,"chars":[""]},{"file":"cosmetic:custom/menu/black.png","chars":[""],"height":5,"ascent":-5000,"type":"bitmap"},{"file":"cosmetic:custom/menu/black.png","chars":[""],"height":5,"ascent":-5000,"type":"bitmap"},{"file":"cosmetic:custom/menu/menu.png","chars":[""],"height":255,"ascent":45,"type":"bitmap"},{"file":"cosmetic:custom/menu/menu2.png","chars":[""],"height":255,"ascent":59,"type":"bitmap"},{"file":"cosmetic:custom/menu/trade.png","chars":[""],"height":255,"ascent":98,"type":"bitmap"},{"file":"cosmetic:custom/menu/screen.png","chars":[""],"height":1500,"ascent":70,"type":"bitmap"},{"file":"cosmetic:custom/menu/slot_selected.png","chars":["쌃"],"height":23,"ascent":-4,"type":"bitmap"},{"file":"cosmetic:custom/menu/slot_selected.png","chars":[""],"height":20,"ascent":-94,"type":"bitmap"},{"file":"cosmetic:custom/menu/pixel_split.png","chars":[""],"height":-3,"ascent":-32768,"type":"bitmap"},{"file":"cosmetic:custom/menu/pixel_split.png","chars":[""],"height":-4,"ascent":-32678,"type":"bitmap"},{"file":"cosmetic:custom/menu/pixel_split.png","chars":[""],"height":-5,"ascent":-32768,"type":"bitmap"},{"file":"cosmetic:custom/menu/pixel_split.png","chars":[""],"height":-6,"ascent":-32768,"type":"bitmap"},{"file":"cosmetic:custom/menu/pixel_split.png","chars":[""],"height":-7,"ascent":-32768,"type":"bitmap"},{"file":"cosmetic:custom/menu/pixel_split.png","chars":[""],"height":-8,"ascent":-32768,"type":"bitmap"},{"file":"cosmetic:custom/menu/pixel_split.png","chars":[""],"height":-9,"ascent":-32768,"type":"bitmap"},{"file":"cosmetic:custom/menu/pixel_split.png","chars":[""],"height":-10,"ascent":-32768,"type":"bitmap"},{"file":"cosmetic:custom/menu/pixel_split.png","chars":[""],"height":-18,"ascent":-32768,"type":"bitmap"},{"file":"cosmetic:custom/menu/pixel_split.png","chars":[""],"height":-34,"ascent":-32768,"type":"bitmap"},{"file":"cosmetic:custom/menu/pixel_split.png","chars":[""],"height":-66,"ascent":-32768,"type":"bitmap"},{"file":"cosmetic:custom/menu/slot_locked.png","chars":["쌥"],"height":32,"ascent":-40,"type":"bitmap"},{"file":"cosmetic:custom/menu/slot_locked.png","chars":["쌦"],"height":32,"ascent":-58,"type":"bitmap"},{"file":"cosmetic:custom/menu/slot_locked.png","chars":["쌧"],"height":32,"ascent":-76,"type":"bitmap"},{"file":"cosmetic:custom/menu/slot_locked.png","chars":["쌨"],"height":32,"ascent":-94,"type":"bitmap"},{"file":"cosmetic:custom/menu/selected.png","chars":["쌉"],"height":32,"ascent":-3,"type":"bitmap"},{"file":"cosmetic:custom/menu/selected.png","chars":["쌊"],"height":32,"ascent":-21,"type":"bitmap"},{"file":"cosmetic:custom/menu/selected.png","chars":["쌋"],"height":32,"ascent":-39,"type":"bitmap"},{"file":"cosmetic:custom/menu/selected.png","chars":["쌌"],"height":32,"ascent":-57,"type":"bitmap"},{"file":"cosmetic:custom/menu/selected.png","chars":["쌍"],"height":32,"ascent":-75,"type":"bitmap"},{"file":"cosmetic:custom/menu/selected.png","chars":["쌎"],"height":32,"ascent":-93,"type":"bitmap"},{"file":"profile:fonts/profile_gui.png","chars":["쌏"],"height":255,"ascent":81,"type":"bitmap"},{"file":"profile:fonts/profile_prefix.png","chars":["쌁"],"height":10,"ascent":-30,"type":"bitmap"},{"file":"profile:fonts/profile_prefix.png","chars":["쌁"],"height":10,"ascent":-30,"type":"bitmap"},{"file":"ranks:tags/member.png","chars":[""],"height":7,"ascent":7,"type":"bitmap"},{"file":"ranks:tags/vip.png","chars":[""],"height":7,"ascent":7,"type":"bitmap"},{"file":"ranks:tags/mvp.png","chars":[""],"height":7,"ascent":7,"type":"bitmap"},{"file":"ranks:tags/elite.png","chars":[""],"height":7,"ascent":7,"type":"bitmap"},{"file":"ranks:tags/streamer.png","chars":[""],"height":7,"ascent":7,"type":"bitmap"},{"file":"ranks:tags/youtuber.png","chars":[""],"height":7,"ascent":7,"type":"bitmap"},{"file":"ranks:tags/helper.png","chars":[""],"height":7,"ascent":7,"type":"bitmap"},{"file":"ranks:tags/mods.png","chars":[""],"height":7,"ascent":7,"type":"bitmap"},{"file":"ranks:tags/admin.png","chars":[""],"height":7,"ascent":7,"type":"bitmap"},{"file":"ranks:tags/common.png","chars":[""],"height":7,"ascent":7,"type":"bitmap"},{"file":"ranks:tags/rare.png","chars":[""],"height":7,"ascent":7,"type":"bitmap"},{"file":"ranks:tags/legend.png","chars":[""],"height":7,"ascent":7,"type":"bitmap"},{"file":"ranks:tags/online.png","chars":[""],"height":7,"ascent":7,"type":"bitmap"},{"file":"ranks:tags/offline.png","chars":[""],"height":7,"ascent":7,"type":"bitmap"},{"file":"misc:misc/clock.png","chars":[""],"height":10,"ascent":8,"type":"bitmap"},{"file":"misc:misc/compass.png","chars":[""],"height":10,"ascent":8,"type":"bitmap"},{"file":"ranks:tags/player_ranks.png","chars":[""],"height":8,"ascent":8,"type":"bitmap"},{"file":"misc:currency/coin.png","chars":[""],"height":8,"ascent":7,"type":"bitmap"},{"file":"misc:gui/snow_fletcher.png","chars":[""],"height":256,"ascent":19,"type":"bitmap"},{"file":"misc:gui/swamp_butcher.png","chars":[""],"height":256,"ascent":19,"type":"bitmap"},{"file":"misc:gui/taiga_mason.png","chars":[""],"height":256,"ascent":19,"type":"bitmap"},{"file":"misc:gui/desert_librarian.png","chars":[""],"height":256,"ascent":19,"type":"bitmap"},{"file":"misc:gui/jungle_fisherman.png","chars":[""],"height":256,"ascent":19,"type":"bitmap"},{"file":"misc:gui/savanna_cleric.png","chars":[""],"height":256,"ascent":19,"type":"bitmap"},{"file":"misc:gui/savanna_farmer.png","chars":[""],"height":256,"ascent":19,"type":"bitmap"},{"file":"misc:gui/taiga_toolsmith.png","chars":[""],"height":256,"ascent":19,"type":"bitmap"},{"file":"misc:gui/chat/chat_taiga_mason.png","chars":[""],"height":42,"ascent":16,"type":"bitmap"},{"file":"misc:gui/chat/chat_taiga_toolsmith.png","chars":[""],"height":42,"ascent":16,"type":"bitmap"},{"file":"misc:gui/chat/chat_taiga_farmer.png","chars":[""],"height":42,"ascent":16,"type":"bitmap"},{"file":"misc:gui/chat/chat_jungle_fisherman.png","chars":[""],"height":42,"ascent":16,"type":"bitmap"},{"file":"misc:gui/chat/chat_savanna_cleric.png","chars":[""],"height":42,"ascent":16,"type":"bitmap"},{"file":"misc:gui/chat/chat_swamp_shepherd.png","chars":[""],"height":42,"ascent":16,"type":"bitmap"},{"file":"misc:gui/chat/chat_snow_fletcher.png","chars":[""],"height":42,"ascent":16,"type":"bitmap"},{"file":"misc:gui/chat/chat_desert_librarian.png","chars":[""],"height":42,"ascent":16,"type":"bitmap"},{"file":"misc:gui/quest_menu.png","chars":[""],"height":255,"ascent":39,"type":"bitmap"},{"file":"misc:gui/quest_menu_forest.png","chars":[""],"height":255,"ascent":39,"type":"bitmap"},{"file":"misc:gui/quest_menu_mineshaft.png","chars":[""],"height":255,"ascent":39,"type":"bitmap"},{"file":"misc:gui/quest_menu_farm.png","chars":[""],"height":255,"ascent":39,"type":"bitmap"},{"file":"misc:gui/quest_menu_dungeon.png","chars":[""],"height":255,"ascent":39,"type":"bitmap"},{"file":"misc:logo/smp_logo.png","chars":[""],"height":64,"ascent":16,"type":"bitmap"},{"file":"misc:gui/battlepass_ui.png","chars":[""],"height":255,"ascent":39,"type":"bitmap"},{"file":"ranks:tags/easy.png","chars":[""],"height":7,"ascent":7,"type":"bitmap"},{"file":"ranks:tags/medium.png","chars":[""],"height":7,"ascent":7,"type":"bitmap"},{"file":"ranks:tags/hard.png","chars":[""],"height":7,"ascent":7,"type":"bitmap"},{"file":"ranks:tags/free.png","chars":[""],"height":8,"ascent":8,"type":"bitmap"},{"file":"ranks:tags/premium.png","chars":[""],"height":8,"ascent":8,"type":"bitmap"},{"file":"misc:gui/task.png","chars":[""],"height":255,"ascent":39,"type":"bitmap"},{"file":"misc:gui/chat/chat_wanderer_gatekeeper.png","chars":[""],"height":42,"ascent":16,"type":"bitmap"},{"file":"misc:gui/wanderer_gatekeeper.png","chars":[""],"height":256,"ascent":19,"type":"bitmap"},{"file":"misc:gui/crates/silver_crates.png","chars":[""],"height":20,"ascent":16,"type":"bitmap"},{"file":"misc:gui/crates/gold_crates.png","chars":[""],"height":20,"ascent":16,"type":"bitmap"},{"file":"misc:gui/crates/diamond_crates.png","chars":[""],"height":20,"ascent":16,"type":"bitmap"},{"file":"misc:gui/crates/diamond_preview.png","chars":[""],"height":256,"ascent":19,"type":"bitmap"},{"file":"misc:gui/crates/gold_preview.png","chars":[""],"height":256,"ascent":19,"type":"bitmap"},{"file":"misc:gui/crates/silver_preview.png","chars":[""],"height":256,"ascent":19,"type":"bitmap"},{"file":"misc:gui/menu.png","chars":[""],"height":256,"ascent":39,"type":"bitmap"},{"file":"misc:gui/warps_gui.png","chars":[""],"height":256,"ascent":39,"type":"bitmap"},{"file":"misc:gui/kits_member.png","chars":[""],"height":256,"ascent":38,"type":"bitmap"},{"file":"misc:gui/kits_vip.png","chars":[""],"height":256,"ascent":38,"type":"bitmap"},{"file":"misc:gui/kits_mvp.png","chars":[""],"height":256,"ascent":38,"type":"bitmap"},{"file":"misc:gui/kits_elite.png","chars":[""],"height":256,"ascent":38,"type":"bitmap"},{"file":"misc:gui/ui/server.png","chars":[""],"height":8,"ascent":8,"type":"bitmap"},{"file":"misc:gui/chat/chat_snow_fletcher_jesica.png","chars":[""],"height":42,"ascent":16,"type":"bitmap"},{"file":"misc:gui/quest_gui.png","chars":[""],"height":256,"ascent":38,"type":"bitmap"},{"file":"misc:gui/ranks_gui.png","chars":[""],"height":256,"ascent":38,"type":"bitmap"},{"file":"ranks:tags/fighter.png","chars":[""],"height":7,"ascent":7,"type":"bitmap"},{"file":"ranks:tags/warrior.png","chars":[""],"height":7,"ascent":7,"type":"bitmap"},{"file":"ranks:tags/knight.png","chars":[""],"height":7,"ascent":7,"type":"bitmap"},{"file":"ranks:tags/sergeant.png","chars":[""],"height":7,"ascent":7,"type":"bitmap"},{"file":"ranks:tags/lieutenant.png","chars":[""],"height":7,"ascent":7,"type":"bitmap"},{"file":"ranks:tags/captain.png","chars":[""],"height":7,"ascent":7,"type":"bitmap"},{"file":"ranks:tags/viscount.png","chars":[""],"height":7,"ascent":7,"type":"bitmap"},{"file":"ranks:tags/earl.png","chars":[""],"height":7,"ascent":7,"type":"bitmap"},{"file":"ranks:tags/duke.png","chars":[""],"height":7,"ascent":7,"type":"bitmap"},{"file":"misc:gui/guide_1.png","chars":[""],"height":256,"ascent":38,"type":"bitmap"},{"file":"misc:gui/guide_2.png","chars":[""],"height":256,"ascent":38,"type":"bitmap"},{"file":"misc:gui/lore/spacer_lore.png","chars":[""],"height":10,"ascent":9,"type":"bitmap"},{"file":"misc:gui/lore/title_lore.png","chars":[""],"height":24,"ascent":20,"type":"bitmap"},{"file":"misc:gui/lore/middle_lore.png","chars":[""],"height":10,"ascent":9,"type":"bitmap"},{"file":"misc:gui/lore/bottom_lore.png","chars":[""],"height":24,"ascent":9,"type":"bitmap"},{"file":"misc:gui/chat/chat_illusioner.png","chars":[""],"height":42,"ascent":16,"type":"bitmap"},{"file":"misc:gui/chat/chat_bubbles.png","chars":[""],"height":12,"ascent":10,"type":"bitmap"},{"file":"misc:gui/ui/right_selector.png","chars":[""],"height":12,"ascent":10,"type":"bitmap"},{"file":"misc:gui/daily_task.png","chars":[""],"height":256,"ascent":38,"type":"bitmap"},{"file":"misc:gui/lore/tooltip_top_title.png","chars":[""],"height":14,"ascent":11,"type":"bitmap"},{"file":"misc:gui/lore/tooltip_middle_lore.png","chars":[""],"height":10,"ascent":9,"type":"bitmap"},{"file":"misc:gui/lore/tooltip_bottom_lore.png","chars":[""],"height":14,"ascent":9,"type":"bitmap"},{"file":"misc:gui/lore/tooltip_middle_subtitle.png","chars":[""],"height":10,"ascent":8,"type":"bitmap"},{"file":"misc:gui/auction/auction_gui.png","chars":[""],"height":256,"ascent":80,"type":"bitmap"},{"file":"misc:gui/auction/auction_gui_expired.png","chars":[""],"height":256,"ascent":80,"type":"bitmap"},{"file":"misc:gui/auction/my_auction_gui.png","chars":[""],"height":256,"ascent":80,"type":"bitmap"},{"file":"misc:gui/chat/chat_crist.png","chars":[""],"height":42,"ascent":16,"type":"bitmap"},{"file":"misc:logo/scoreboard_frame.png","chars":[""],"height":128,"ascent":12,"type":"bitmap"},{"type":"bitmap","file":"misc:gui/font_tutorial.png","ascent":-7,"height":256,"chars":[""]},{"file":"misc:gui/chat/pampam.png","chars":[""],"height":42,"ascent":8,"type":"bitmap"},{"file":"misc:gui/dialogue_bar.png","chars":[""],"height":128,"ascent":92,"type":"bitmap"},{"file":"misc:gui/coin_deposit.png","chars":[""],"height":256,"ascent":28,"type":"bitmap"},{"file":"misc:currency/coin.png","chars":[""],"height":12,"ascent":0,"type":"bitmap"},{"file":"misc:gui/prefession_ui.png","chars":[""],"height":256,"ascent":28,"type":"bitmap"}]}