{"providers":[{"file":"misc:gui/tip_bar.png","chars":[""],"height":64,"ascent":0,"type":"bitmap"},{"file":"misc:gui/chat/chat_bank_teller.png","chars":[""],"height":42,"ascent":16,"type":"bitmap"},{"file":"misc:gui/dialogue_bar.png","chars":[""],"height":64,"ascent":0,"type":"bitmap"},{"file":"misc:gui/chat/chat_bank_teller.png","chars":[""],"height":21,"ascent":-38,"type":"bitmap"},{"file":"misc:gui/chat/chat_desert_librarian.png","chars":[""],"height":21,"ascent":-38,"type":"bitmap"},{"file":"misc:gui/chat/chat_jungle_fisherman.png","chars":[""],"height":21,"ascent":-38,"type":"bitmap"},{"file":"misc:gui/chat/chat_taiga_mason.png","chars":[""],"height":21,"ascent":-38,"type":"bitmap"},{"file":"misc:gui/chat/chat_wanderer_gatekeeper.png","chars":[""],"height":21,"ascent":-38,"type":"bitmap"},{"file":"misc:gui/chat/chat_swamp_shepherd.png","chars":[""],"height":21,"ascent":-38,"type":"bitmap"},{"file":"misc:gui/chat/chat_crist.png","chars":[""],"height":21,"ascent":-38,"type":"bitmap"},{"file":"misc:gui/chat/chat_snow_fletcher.png","chars":[""],"height":21,"ascent":-38,"type":"bitmap"},{"file":"misc:gui/chat/chat_wanderer_gatekeeper.png","chars":[""],"height":21,"ascent":-38,"type":"bitmap"},{"file":"misc:gui/chat/chat_savanna_cleric.png","chars":[""],"height":21,"ascent":-38,"type":"bitmap"},{"file":"misc:gui/chat/chat_snow_fletcher_jesica.png","chars":[""],"height":21,"ascent":-38,"type":"bitmap"},{"file":"misc:gui/chat/chat_snow_librarian.png","chars":[""],"height":21,"ascent":-38,"type":"bitmap"},{"file":"misc:gui/chat/chat_snow_librarian.png","chars":[""],"height":21,"ascent":-38,"type":"bitmap"},{"file":"misc:gui/chat/chat_taiga_farmer.png","chars":[""],"height":21,"ascent":-38,"type":"bitmap"},{"file":"misc:gui/chat/chat_taiga_toolsmith.png","chars":[""],"height":21,"ascent":-38,"type":"bitmap"}]}